bounty_id,level,rank,firstName,lastName,captainPersonality,fleetName,flagshipName,gender,faction,portrait,greetingText,suppressIntel,postedByFaction,creditReward,repReward,intelText,flagshipVariantId,fleetVariantIds,minimumFleetFP,playerFPScalingFactor,chanceToAutoRecover,specialItemRewards,neverSpawnUnlessBountiesCompleted,neverSpawnWhenFactionHostile,neverSpawnWhenFactionNonHostile,neverSpawnBeforeCycle,neverSpawnBeforeLevel,neverSpawnBeforeFleetPoints
bbplus_asymptote_bounty,40,bbplus_executioner,Inferi,Tenebris,aggressive,Lenze's Guillotine Fleet,BCS-EX Noctiluca,FEMALE,blade_breakers,graphics/portraits/characters/bounties/inferi_portrait.png,"The Blade Breaker insignia familiar to you appear as you open the comm link to the fleet. Shortly after, a young woman, clad in black uniform, takes its place. She looks irritated, as if your presence is bothering her.

""What is this time? Another pest? There has been an influx of annoyances who stick their noses where they don't belong."" She seems to smile as she looks at your fleet. ""It doesn't matter now, does it? The Council has ordered me to kill the interlopers wherever I find them and I intend to complete my mission."" She leans forward. ""Someone like you, who went out of their way to find me, deserves only death!"" 

""Worry not, you will meet the same fate like those worms. Now, take your last breathe.""",FALSE,dassault_mikoyan,1000000,15,"A bounty has been posted by upper echelons of the Sixth Bureau. Applicable to independent contractors, affiliated with Dassault-Mikoyan or not. Screening process has been completed, in order to ascertain success of this mission.

Attached report entails loss of contact with several exploration fleets belonging to Dassault-Mikoyan Corporation and other parties. Loss of contact happened as they were traversing southernmost part of the Sector. Black boxes from multitude of vessels have been recovered and evidence points toward a mobile task force that is a part of the belligerent group at war with the rest of the Sector. Reasons for such acts are unknown at this time.

Forces of the Sixth Bureau have determined the location of aforementioned fleet. Current objective unknown, neither is the time it will spend at current location. You, among few others have been given this information with an objective of removal of the target. Voluminous rewards from Sixth Bureau await the one who completes the mission.",bbplus_asymptote_exp,"bbplus_onslaught_carnage, istl_warlock_assault, istl_warlock_std, bbplus_baikal_spt, bbplus_blacklotus_spt, istl_warlock_assault, istl_warlock_assault, istl_warlock_std, istl_warlock_std, istl_curse_attack, istl_curse_attack, istl_curse_defense, istl_curse_support",300,1.1,1,,,FALSE,FALSE,206,8,100
bbplus_alter_bounty,50,bbplus_witch,Claire,de'Lunne ,aggressive,Scourge of Martinique,BCS-13 Anamnesis,FEMALE,blade_breakers,graphics/portraits/characters/bounties/claire_portrait.png,"As per usual, the sword-and-star emblem of the Blade Breakers appears on your comms screen. The screen flickers for a moment before, surprisingly, cutting to the figure of a tall, impeccably dressed Blade Breaker officer.

The officer carefully scrutinizes you, her sharp gaze pierces through you, as if she were peering straight in to your soul. Seconds turn to minutes. Minutes, to hours. For what feels like an eternity, she coldly stares at you, her face devoid of any emotion. At last, a hint of a smile appears on the officer's face, before the feed cuts to static, abruptly ending.

Your gunnery officer reports that the enemy fleets is powering their weapons; this immediately prompts you to brace for the impending hostilities.",FALSE,dassault_mikoyan,1500000,20,"A disgruntled Sixth Bureau agent has personally contacted you about a sensitive bounty concerning a rather embarrassing matter for them: a rogue agent from their own ranks who has defected to the Blade Breakers. After several failed attempts to capture her, they have turned in desperation to you as your exploits in bounty hunting high-value targets has not gone unnoticed by high-ranking Dassault-Mikoyan officials.

Claire de'Lunne is also known as the Witch of Martinique and has been involved in numerous initiatives of DME, which includes managing the aftermath of Valjean’s collapse into anarchy. For her outstanding accomplishments, she was offered a position by the shadowy Sixth Bureau and was accepted in their prestigious ranks; rose to become one of their splendid agents. Unfortunately, it seems she has stuck her nose where she shouldn't have done so. She has got her hands on certain classified document which requires level 5 clearance in order to be able to read it. Aforementioned document pertains to the specifics of exotic Sigma Matter that is being used by the Blade Breakers in many of their creations. In addition to her experiences in Valjean, she has grown increasingly unstable and gained an unsatiable thirst to know more about the coveted unknown matter. And now, it appears that she reached a conclusion of deserting her Sixth Bureau paymasters as she deemed they no longer useful. Her pursuit of knowledge and fascination towards Sigma-technology leads her to the fold of Blade Breakers. Before turning turncoat, she was responsible for the brutal slaughter of several high-ranking officials in the Bureau during her escape, clearly showing no regard to her former colleagues. 

Claire is commanding a stolen and unique Jeanne d’Arc-class fleet carrier that has recently been reported to have been heavily modified and re-designated. The agent contacting you has also included details of her fleet. Your objective is to hunt the turncoat and bring the Witch of Martinique to justice, one way or the other and ensure that she does not become an example for other Sixth Bureau agents to follow her lead and defect. They are also paying a handsome sum for her capture and/or death, so this may be a bounty worth pursuing...",bbplus_alter_fallen,"bbplus_onslaught_carnage, bbplus_onslaught_carnage, istl_warlock_assault, istl_warlock_assault, istl_warlock_std, istl_warlock_std, bbplus_baikal_ass, bbplus_baikal_spt, bbplus_blacklotus_elite, bbplus_blacklotus_spt, istl_stormkestrel_assault, istl_stormkestrel_assault, istl_stormkestrel_command, istl_stormkestrel_cqb, istl_stormkestrel_elite, istl_devilray_strike, istl_devilray_std, istl_devilray_support, istl_devilray_strike, istl_devilray_std, istl_devilray_support, istl_curse_attack, istl_curse_defense, istl_curse_support",300,1.1,1,,,FALSE,FALSE,207,10,100
,,,,,,,,,,,,,,,,,,,,,,,,,,,,
# NOTES,,,,,,,,,,,,,,,,,,,,,,,,,,,,
# bounty_id : line ID. Must be unique across all mods. I recommend a prefix,,,,,,,,,,,,,,,,,,,,,,,,,,,,
# level : character level of bounty captain,,,,,,,,,,,,,,,,,,,,,,,,,,,,
# rank : must match a rank ID in Ranks,,,,,,,,,,,,,,,,,,,,,,,,,,,,
# firstName : bounty captain's first name,,,,,,,,,,,,,,,,,,,,,,,,,,,,
# lastName : bounty captain's last name,,,,,,,,,,,,,,,,,,,,,,,,,,,,
# fleetName : full name of bounty fleet,,,,,,,,,,,,,,,,,,,,,,,,,,,,
# flagshipName : name of flagship. Needs to include prefix as it won't have it otherwise,,,,,,,,,,,,,,,,,,,,,,,,,,,,
# gender : must match a gender enum in FullName,,,,,,,,,,,,,,,,,,,,,,,,,,,,
# faction : faction id for bounty fleet and captain,,,,,,,,,,,,,,,,,,,,,,,,,,,,
# portrait : filepath for bounty portrait. Must be loaded by the game,,,,,,,,,,,,,,,,,,,,,,,,,,,,
# greetingText : full text that displays if/when you open comms with bounty fleet,,,,,,,,,,,,,,,,,,,,,,,,,,,,
# suppressIntel : if TRUE do not show intel event when bounty spawns,,,,,,,,,,,,,,,,,,,,,,,,,,,,
# postedByFaction : faction shown in intel panel as issuer of bounty. Also faction which rep reward applies to,,,,,,,,,,,,,,,,,,,,,,,,,,,,
# creditReward : credits paid out for bounty,,,,,,,,,,,,,,,,,,,,,,,,,,,,
# repReward : reputation points with issuing faction paid out for bounty on a 100 point scale,,,,,,,,,,,,,,,,,,,,,,,,,,,,
# intelText : ugh,,,,,,,,,,,,,,,,,,,,,,,,,,,,
# flagshipVariant : variant ID of bounty flagship,,,,,,,,,,,,,,,,,,,,,,,,,,,,
# fleetVariants : comma seperated list of variant ids for rest of bounty fleet,,,,,,,,,,,,,,,,,,,,,,,,,,,,
# specialItemsList : comma seperated list of special item ids dropped by fleet.  CURRENTLY DOES NOT WORK SORRY,,,,,,,,,,,,,,,,,,,,,,,,,,,,
# neverSpawnWhenFactionHostile : if TRUE never spawn when player is hostile to issuing faction,,,,,,,,,,,,,,,,,,,,,,,,,,,,
# neverSpawnWhenFactionNonHostile: if TRUE never spawn when player is friendly or neutral to target faction,,,,,,,,,,,,,,,,,,,,,,,,,,,,
# neverSpawnBeforeCycle : if over 206 never spawn before said cycle,,,,,,,,,,,,,,,,,,,,,,,,,,,,
# neverSpawnBeforeLevel : if over 1 never spawn when player is below said character level,,,,,,,,,,,,,,,,,,,,,,,,,,,,
# neverSpawnBeforeFleetPoints : if over 1 never spawn when player fleet is less than said fleet points,,,,,,,,,,,,,,,,,,,,,,,,,,,,
