{

	#"startShipsCombatSmall":[
	#["bbplus_sunder_std", "bbplus_caprice_voyage"]
	#],

	"startShipsCombatLarge":[
	["bbplus_bladestalker_std"],
	#["bbplus_falcon_std", "istl_crasher_std", "bbplus_caprice_voyage"]
	],

	#"startShipsTradeSmall":[
	#["bbplus_sunder_std", "istl_desertersupply_lg_std"]
	#],

	#"startShipsTradeLarge":[
	#["bbplus_venture_std", "bbplus_portend_std"]
	#],

	#"startShipsExplorerLarge":[
	#["bbplus_venture_spt", "bbplus_griever_std", "bbplus_shepherd_frontier"]
	#],

	#"startShipsGrandFleet":[
	#["bbplus_conquest_elite", "bbplus_griever_std", "bbplus_portend_std", "bbplus_incision_std", "bbplus_shepherd_frontier"]
	#],
	
}