name,id,flux/second,f/s (base rate),f/s (base cap),flux/use,f/u (base rate),f/u (base cap),cr/u,max uses,regen,charge up,active,down,cooldown,toggle,noDissipation,noHardDissipation,hardFlux,noFiring,noTurning,noStrafing,noAccel,noShield,noVent,icon
#Deserters,,,,,,,,,,,,,,,,,,,,,,,,,
Sigma Field,bbplus_sigmafield,,,0.035,,,,,,,0.5,,0.5,0,TRUE,,,,,,,,,TRUE,graphics/icons/hullsys/bbplus_sigmafield.png
Sigma Focus,bbplus_sigmafocus,1.1,,,,,,,4,0.05,0.25,4,0.25,,,,,,,,,,,,graphics/icons/hullsys/bbplus_sigmafocus.png
Sigma Discharger,bbplus_emp,1,,,,,0.2,,,,0.5,4,0.5,11,,,,,TRUE,,,,,,graphics/icons/hullsys/emp_emitter.png
Breaker Jets,bbplus_breakerjets,,,,,,,,1,0.20,0.08,1.4,0.30,0.1,,,,,,,,,,,graphics/icons/hullsys/bbplus_breakerjets.png
Conqueror Jets,bbplus_conquerorjets,,,,,,,,3,0.15,0.05,2.1,0.25,1.1,,,,,,,,,,,graphics/ISTL/icons/hullsys/istl_pulsejets.png
,,,,,,,,,,,,,,,,,,,,,,,,,
#Blade Breakers,,,,,,,,,,,,,,,,,,,,,,,,,
Blade Drive,bbplus_bladedrive,1,,,,,0.25,,2,0.05,2.5,4,1.5,4,,,TRUE,,,,TRUE,TRUE,TRUE,TRUE,graphics/icons/hullsys/bbplus_bladedrive.png
Fighter Reinforcements,bbplus_reservewing,,,,,,0.5,,,,0.1,,3,30,,,,,,,,,,,graphics/icons/hullsys/reserve_deployment.png
,,,,,,,,,,,,,,,,,,,,,,,,,
#HVB and Specials,,,,,,,,,,,,,,,,,,,,,,,,,
Sigma Flash,bbplus_sigmaflash,,,,,,,,4,0.25,0.2,0.6,0.2,,,,TRUE,,TRUE,TRUE,,,TRUE,TRUE,graphics/icons/hullsys/bbplus_sigmaflash.png
Command: Overwhelm,bbplus_overwhelm,,,,,,0.25,,,,0.5,13.5,1,8,,,,,,,,,,,graphics/ISTL/icons/hullsys/istl_targetdatalink.png
,,,,,,,,,,,,,,,,,,,,,,,,,
S-MIRAGE System,bbplus_miragesigma_ftr,,,,,,,,,,0.5,,0.2,2.0,,TRUE,,TRUE,,,,,,,graphics/ISTL/icons/hullsys/istl_mirage.png
