name,id,tier,rarity,base value,range,damage/second,damage/shot,emp,impact,turn rate,OPs,ammo,ammo/sec,reload size,type,energy/shot,energy/second,chargeup,chargedown,burst size,burst delay,min spread,max spread,spread/shot,spread decay/sec,beam speed,proj speed,launch speed,flight time,proj hitpoints,autofireAccBonus,extraArcForAI,hints,tags,groupTag,tech/manufacturer,for weapon tooltip>>,primaryRoleStr,speedStr,trackingStr,turnRateStr,accuracyStr,customPrimary,customPrimaryHL,customAncillary,customAncillaryHL,noDPSInTooltip
#Modular fuck,,,,,,,,,,,,,,,,,,,,,,,,,,,,,,,,,,,,,,,,,,,,,,,
#Deserters Ballistics/Hybrids,,,,,,,,,,,,,,,,,,,,,,,,,,,,,,,,,,,,,,,,,,,,,,,
Soul Cleaver LRC/1,bbplus_cleaverlight,0,,400,700,,150,,7,45,6,,,,FRAGMENTATION,50,,0,0.6,,,1,6,1,10,,1400,,,30,0.1,,,"he5, energy8, deserter_bp, no_dealer, restricted",,Deserter,,General,,,,,Pseudo metastable-shells deals an additional %s HE damage per projectile on impact.,15-30,,,
Soul Cleaver MRC/2,bbplus_cleavermedium,1,,1200,800,,250,,35,25,12,,,,FRAGMENTATION,160,,0,0.4,,,2,8,1,10,,1600,,,40,0.1,,STRIKE,"kinetic8, he9, energy10, deserter_bp, no_dealer, restricted",,Deserter,,General,,,,,Pseudo metastable-shells deals an additional %s HE damage per projectile on impact.,20-40,,,
Soul Cleaver URC/3,bbplus_cleaverheavy,2,,6000,1000,,400,,65,15,24,,,,FRAGMENTATION,300,,0,0.5,,,2,8,1,10,,1800,,,50,0.1,,STRIKE,"kinetic16, he16, energy17, deserter_bp, no_dealer, restricted",,Deserter,,General,,,,,Pseudo metastable-shells deals an additional %s HE damage per projectile on impact.,25-50,,,
,,,,,,,,,,,,,,,,,,,,,,,,,,,,,,,,,,,,,,,,,,,,,,,
Curse ACG-02,bbplus_mgdual,0,,500,400,,20,,2,75,6,,,,KINETIC,25,,,0.43,4,0.1,1,5,1,15,,1200,,,10,0.2,,,"kinetic9, deserter_bp, no_dealer, restricted",,Deserter,,Suppression,,,,,,,,,
Malediction ACG-03,bbplus_mgquad,1,,850,500,,25,,3,50,12,,,,KINETIC,60,,,2.73,24,0.05,1,6,1,15,,1200,,,10,0.2,,,"kinetic11, deserter_bp, no_dealer, restricted",,Deserter,,Suppression,,,,,,,,,
Hex ACG-04,bbplus_mghex,2,,1700,700,,40,,4,40,18,,,,KINETIC,80,,,4.55,30,0.05,1,7,1,15,,1200,,,10,0.1,,,"kinetic14, deserter_bp, no_dealer, restricted",,Deserter,,Suppression,,,,,,,,,
,,,,,,,,,,,,,,,,,,,,,,,,,,,,,,,,,,,,,,,,,,,,,,,
Flechette CIWS,bbplus_NTKautogun,0,,300,450,,50,,2,90,5,60,3,10,FRAGMENTATION,20,,,0.225,5,0.1,2,8,1,15,,1100,,,25,,,"PD, PD_ALSO, ANTI_FTR","pd7, he6, deserter_bp, no_dealer, restricted",,Deserter,,Point Defense,,,,,%s chance of a %s damage explosion on hits to armor or hull.,10% | 20-50,,,
Reverb CIWS,bbplus_reverbciws,0,,450,300,,15,,1,105,4,,,,FRAGMENTATION,1,,,0.06,3,0.06,3,12,1,15,,1100,,,0,,,PD,"pd6, deserter_bp, no_dealer, restricted",,Deserter,,Point Defense,,,,,%s chance of a %s damage explosion on hits to armor or hull.,15% | 15-35,,,
,,,,,,,,,,,,,,,,,,,,,,,,,,,,,,,,,,,,,,,,,,,,,,,
#Deserters Energy Weapons,,,,,,,,,,,,,,,,,,,,,,,,,,,,,,,,,,,,,,,,,,,,,,,
Cryophase Heavy Autocannon,bbplus_zxphased,3,,4000,1000,,400,,1,30,22,,,,FRAGMENTATION,110,,,2.15,8,0.15,1,4,1,15,,1400,,,150,0.1,,STRIKE,"energy17, deserter_bp, no_dealer, restricted",,Deserter,,General,,,,,Volatile particle packets do %s energy damage on hits to armor or hull.,30-50,,,
,,,,,,,,,,,,,,,,,,,,,,,,,,,,,,,,,,,,,,,,,,,,,,,
#Deserters Missiles,,,,,,,,,,,,,,,,,,,,,,,,,,,,,,,,,,,,,,,,,,,,,,,
Linus Missile Rack,bbplus_linus,0,,400,1000,,200,,5,40,4,60,0.25,20,FRAGMENTATION,0,,,2.58,5,0.21,1,3,1,15,,750,26,2.4,40,,,"DO_NOT_AIM, CONSERVE_1","utility9, missile5, strike0, deserter_bp, no_dealer, restricted",,Deserter,,Strike,Very Fast,Medium,,,Missiles do %s extra HE damage on hits to armor or hull.,10-40,,,TRUE
Oeagrus Missile Launcher,bbplus_oeagrus,2,,8000,4000,,450,,120,2,16,200,0.2,40,FRAGMENTATION,0,,,16,24,0.4,2,12,1,15,,700,80,12,100,,,"DO_NOT_AIM, CONSERVE_1, STRIKE","utility14, missile14, deserter_bp, no_dealer, restricted",,Deserter,,Long Range Support,Fast,Good,,,Missiles do %s extra HE damage on hits to armor or hull.,20-40,,,TRUE
,,,,,,,,,,,,,,,,,,,,,,,,,,,,,,,,,,,,,,,,,,,,,,,
Streak Missile Launcher,bbplus_streak_launcher,3,,7000,1800,,300,,80,6,20,86,,,HIGH_EXPLOSIVE,0,,,18,15,0.2,1,8,1,10,,530,100,6,125,,,"DO_NOT_AIM, STRIKE","strike16, missile16, deserter_bp, no_dealer, restricted",,Deserter,,Strike,Fast,Good,,,Unstable warheads deliver %s extra HE damage on hits to armor or hull.,25-50,,,TRUE
,,,,,,,,,,,,,,,,,,,,,,,,,,,,,,,,,,,,,,,,,,,,,,,
#Electron,,,,,,,,,,,,,,,,,,,,,,,,,,,,,,,,,,,,,,,,,,,,,,,
Electron Torpedo Platform,bbplus_electronrocket_barrage,3,,9000,1200,,2500,1250,200,20,20,25,,,ENERGY,0,,,12,1,,,,,,,500,75,4,400,,,STRIKE,"strike15, missile15, deserter_bp, no_dealer, restricted",,Sigma Tech,,Torpedo,Fast,None,,,"Hits on hull or armor will arc to weapons and engines, dealing %s of the damage caused by the original hit.",25%,,,TRUE
Fractal CEMM Warhead,bbplus_fractal_cluster,3,,6000,2000,,900,,90,5,23,20,,,ENERGY,,,0.25,11.75,1,,,,,,,430,150,10,450,,,"STRIKE, DO_NOT_AIM, GROUP_LINKED","missile19, strike15, deserter_bp, bladebreakers, no_dealer, restricted",,Sigma Tech,,Strike,Fast,Excellent,,,Deploys into a cluster of electron-charged mines upon reaching near proximity of the target. Each mines deals %s HE damage.,550-700,Electron mine hits on hull or armor has a %s chance of dealing %s EMP damage caused by the original hit.,40% | 150,TRUE
,,,,,,,,,,,,,,,,,,,,,,,,,,,,,,,,,,,,,,,,,,,,,,,
#Blade Breakers,,,,,,,,,,,,,,,,,,,,,,,,,,,,,,,,,,,,,,,,,,,,,,,
#BB Ballistic Weapons,,,,,,,,,,,,,,,,,,,,,,,,,,,,,,,,,,,,,,,,,,,,,,,
Purgatory Decimator UHC,bbplus_decimator_large,3,0.5,40000,1000,,400,,250,6,30,,,,KINETIC,600,,,7.5,3,0.4,,,,,,950,,,500,0.1,,"STRIKE, USE_VS_FRIGATES","kinetic26, bladebreakers, restricted",,Blade Breakers,,Strike,,,,,Each fired projectiles can deal additional %s damage on hits to armor or hull.,150-250,"Accelerated metastable shell detonates on impact, leaving corrosive charged S-particles at the explosion area. The destructive properties of residual particle deals continuous %s per second on hull or armor.",Energy Damage,
,,,,,,,,,,,,,,,,,,,,,,,,,,,,,,,,,,,,,,,,,,,,,,,
#BB Energy Weapons,,,,,,,,,,,,,,,,,,,,,,,,,,,,,,,,,,,,,,,,,,,,,,,
Scatterbolt Burst MC,bbplus_thermalheavy,2,,5000,550,,50,,0,50,13,,,,ENERGY,40,,0.13,1.15,10,0.08,3,10,2,15,,800,,,,0.5,,"PD, PD_ALSO, IGNORES_FLARES","pd11, SR, bladebreakers, restricted",,Blade Breakers,,Point Defense,,,,,,,,,
,,,,,,,,,,,,,,,,,,,,,,,,,,,,,,,,,,,,,,,,,,,,,,,
#WIP,,,,,,,,,,,,,,,,,,,,,,,,,,,,,,,,,,,,,,,,,,,,,,,
#Positron Light Beam,bbplus_positron_light,1,,7000,500,,120,,5,75,10,,,,ENERGY,180,,0.1,1.5,3,0.2,2,5,1,10,,1200,,,,,,,"energy12, bladebreakers, restricted",,Blade Breakers,,General,,,,,Damage dealt are %s when ship flux level is above %s.,doubled | 50%,,,
#Positron Medium Blaster,bbplus_positron_medium,2,,15000,500,,150,,10,45,18,,,,ENERGY,240,,0.1,0.1,1,,8,16,1,10,,1000,,,,,,,"energy16, bladebreakers, restricted",,Blade Breakers,,General,,,,,Damage dealt are %s when ship flux level is above %s.,doubled | 50%,,,
#Positron Hypercannon,bbplus_positron_hypercannon,3,,50000,700,,400,,100,15,40,,,,ENERGY,480,300,0.3,1.26,1,0.12,,,,,,1200,,,,,,"STRIKE, USE_VS_FRIGATES","energy24, bladebreakers, restricted",,Blade Breakers,,Strike,,,,,Damage dealt are %s when ship flux level is above %s.,doubled | 50%,,,
,,,,,,,,,,,,,,,,,,,,,,,,,,,,,,,,,,,,,,,,,,,,,,,
#Sigma Tech,,,,,,,,,,,,,,,,,,,,,,,,,,,,,,,,,,,,,,,,,,,,,,,
S-Reaper Torpedo,bbplus_sigmareaper,2,,650,1200,,4000,,80,10,3,1,,,HIGH_EXPLOSIVE,0,,0,5,1,,0,0,0,0,,400,100,4,600,,,STRIKE,"strike8, rocket3, restricted, no_dealer, bladebreakers, sigmatech_bp",,Sigma Tech,,Torpedo,Fast,None,,,Does %s extra HE damage on armor or hull hits.,150-350,,,TRUE
Sigma PD Beamer,bbplus_sigmapd,1,,600,500,350,,,0,90,7,4,0.75,,ENERGY,,270,0.05,0.05,0.3,0.05,,,,,10000,,,,,,,PD,"pd9, beam6, restricted, no_dealer, sigmatech_bp",,Sigma Tech,,Point Defense,,,,,,,,,
Lamia Quad S-Blaster,bbplus_lamia_quad_blaster,3,0.5,8000,800,,100,120,0,30,26,,,,ENERGY,90,,0.125,0.05,2,0.01,2,5,1,5,,1000,,,,,,STRIKE,"energy14, no_dealer, bladebreakers, restricted, sigmatech_bp",,Sigma Tech,,Suppression,,,,,"Hits on hull or armor have a %s chance to arc to weapons and engines, dealing extra damage equal to the original hit.",60%,,,
Excocet Graviton Collider Missile,bbplus_exocet_collider,3,0.5,40000,5000,,5000,,60,3,40,3,,,HIGH_EXPLOSIVE,0,,0.1,9.9,1,0.5,0,0,0,0,,400,100,21,1500,,,"DO_NOT_AIM, STRIKE","missile20, strike15, restricted, no_dealer, sigmatech_bp",,Sigma Tech,,Anti Station,Fast,Good,,,Enacts a two stage of explosions when it successfully hits a target. Has a %s chance of causing additional %s high explosive damage on hits to armor or hull.,50% | 400-800,"Upon unleashing the compressed Sigma-matter, it enters a stimulated phase that ends up in a violent chain reaction of S-Particle atrophy; creating a rupture in space. The dimensional fissure possesses an inverted polarity effect causing nearby ships to get suck in a momentary gravity well; accompanying electron discharge that deals %s EMP damage, in an extremely large area.",1500,TRUE
,,,,,,,,,,,,,,,,,,,,,,,,,,,,,,,,,,,,,,,,,,,,,,,
,,,,,,,,,,,,,,,,,,,,,,,,,,,,,,,,,,,,,,,,,,,,,,,
#Built-ins/Systems,,,,,,,,,,,,,,,,,,,,,,,,,,,,,,,,,,,,,,,,,,,,,,,
#Deserters Built-in,,,,,,,,,,,,,,,,,,,,,,,,,,,,,,,,,,,,,,,,,,,,,,,
HX Cryoparticle Accelerator MK.II - Deerstalker,bbplus_deerstalker,5,,15000,1000,,1000,500,250,10,25,3,0.1667,1,HIGH_EXPLOSIVE,850,,0.28,2.75,1,,0,2,1,5,,2400,,,650,,,"SYSTEM, STRIKE, USE_VS_FRIGATES",energy20,,Deserter,,Anti Armor,,,,,Specialized armor-penetrating projectile that ignores armor calculations and deals additional %s damage to armor.,300,,,
Phased CIWS,bbplus_phased_ciws,5,,500,400,,55,,1,90,10,40,4,8,FRAGMENTATION,15,,,0.1333,2,0.1167,3,12,1,10,,1000,,,45,0.6,,"SYSTEM, IGNORES_FLARES, ANTI_FTR","energy15, SR",,Deserter,,General,,,,,,,,,
Phased Beam Pulser,bbplus_phased_pulser_ftr,5,,450,600,250,,,0,20,5,,,,ENERGY,,259,0.1,0.4,0.4,0.3,,,,,4200,,,,,,,SYSTEM,beam9,,Deserter,,General,,,,,,,,,
Plasma Vulcan,bbplus_plasvulcan,5,,200,350,,25,,1,180,5,,,,FRAGMENTATION,5,,0.1,0,1,,5,15,1,20,,1200,,,,,,SYSTEM,SR,,Deserter,,General,,,,,,,,,
Flak Sentry AWS II,bbplus_sentry,5,,400,500,,150,,1,40,5,16,0.5,,FRAGMENTATION,30,,,0.5,1,,2,6,1,20,,50,750,4,50,,,"SYSTEM, PD",pd6,,Deserter,,Point Defense,,,,,,,,,
Beam Blade,bbplus_fangs_beam_saber,5,,200,20,1300,,350,20,20,7,,,,ENERGY,,,0.33,0.33,0.6,,,,,,700,,,,,,,SYSTEM,"no_drop, no_sell, no_drop_salvage",,Deserter,,Strike,,,,,Has a chance to deal %s caused by the original hit.,EMP Damage,,,TRUE
Accelerated S-Beamer,bbplus_fangs_beamer,5,,1000,300,,60,,0,20,7,1,4,1,ENERGY,35,,0.2875,0,,,0,1,1,10,,1400,,,,,,"SYSTEM, DO_NOT_CONSERVE",,,Deserter,,General,,,,,,,,,
,,,,,,,,,,,,,,,,,,,,,,,,,,,,,,,,,,,,,,,,,,,,,,,
Fractal Cluster Mines,bbplus_fractal_mine_launcher,5,,1500,2000,,500,150,25,30,12,6,,,HIGH_EXPLOSIVE,0,,0,1.5,1,,0,0,0,0,,100,200,25,150,,,"SYSTEM, STRIKE",utility8,,,,Strike,Very Slow,Good,,,,,,,
,,,,,,,,,,,,,,,,,,,,,,,,,,,,,,,,,,,,,,,,,,,,,,,
#Blade Breakers Built-in,,,,,,,,,,,,,,,,,,,,,,,,,,,,,,,,,,,,,,,,,,,,,,,
Impulsor Multibeam Emitter,bbplus_impulsered_ring,5,,1000,620,400,,,,120,25,4,0.25,,FRAGMENTATION,,150,0.1,0.1,0.3,0.1,,,,,10000,,,,,,,"SYSTEM, PD, PD_ONLY","pd7, beam7",,Blade Breakers,,Point Defense,,,,,Dedicated anti-missile targeting AI ignores fighters and other ships.,,,,
E-Mortar Barrage,bbplus_barragemortar,5,,5000,1000,,210,205,0,30,20,13,0.5,5,ENERGY,190,,0.25,0,5,0.25,2,8,3,5,,350,,,1000,,,"SYSTEM, STRIKE, USE_VS_FRIGATES, GROUP_ALTERNATING","energy20, LR",,Blade Breakers,,Pressure,,,,,E-shell impacts do %s extra HE damage on hits to armor or hull.,40-80,,,
Jinx ACG-01,bbplus_mglight,5,,125,300,,30,,1,90,3,,,,KINETIC,3,,,0.4,3,0.1,1,4,1,15,,1200,,,10,,,"SYSTEM, PD","pd6, kinetic3, SR",,Blade Breakers,,Point Defense,,,,,,,,,
,,,,,,,,,,,,,,,,,,,,,,,,,,,,,,,,,,,,,,,,,,,,,,,
#Sigma Tech Built-ins,,,,,,,,,,,,,,,,,,,,,,,,,,,,,,,,,,,,,,,,,,,,,,,
Energy S-Torpedo,bbplus_energytorpedo,5,,500,200,,1500,,20,30,1,1,,,ENERGY,0,,,1,1,,,,,,,420,80,8,350,,,"SYSTEM, STRIKE, USE_VS_FRIGATES","strike8, missile1, no_drop, no_drop_salvage",,Sigma Tech,,Strike,Fast,Good,,,,,,,
Wrathspike S-Torpedo,bbplus_wrathspike_tube,5,,1500,1200,,2500,1000,60,15,2,1,,,HIGH_EXPLOSIVE,0,,,1,1,,,,,,,400,250,3,500,,,"SYSTEM, STRIKE, USE_VS_FRIGATES","strike9, missile2, no_drop, no_drop_salvage, restricted",,Sigma Tech,,Torpedo,Fast,None,,,,,,,
S-Micro Blaster,bbplus_sigma_blaster_ftr,5,,1350,600,,60,,0,30,9,24,2,3,ENERGY,30,,0.1875,0,,,0,2,1,12,,1500,,,,,,"SYSTEM, DO_NOT_CONSERVE","no_drop, no_drop_salvage",,Sigma Tech,,,,,,,,,,,
S-Shockbeam,bbplus_shockbeam_ftr,5,,250,500,190,,,4,30,5,,,,ENERGY,,240,,1.2,0.5,0.5,,,,,5500,,,,,,,SYSTEM,"beam9, no_drop, no_drop_salvage",,Sigma Tech,,,,,,,,,,,
Sigma Thermal Pulse Cannon,bbplus_tpc,5,,100000,1000,,300,80,0,0,0,15,1,2,ENERGY,300,,0,0.1,1,0.3,0,12,2,3,,1000,,,,,,SYSTEM,"no_drop, no_drop_salvage",TPC_only,Sigma Tech,,Assault,,,,,"Hits on hull or armor have a %s chance to arc to weapons and engines, dealing extra damage equal to the original hit.",60%,,,
,,,,,,,,,,,,,,,,,,,,,,,,,,,,,,,,,,,,,,,,,,,,,,,
Excocet Inversion,bbplus_exocet_collider_bomblet,5,,200,2500,,500,1500,0,0,0,0,,,ENERGY,0,,0,0,1,0.5,90,90,90,0,,200,0,10,999999,,,"SYSTEM, STRIKE, BOMB","no_drop, no_drop_salvage",,,,,,,,,,,,,
Excocet Expunge,bbplus_exocet_collider_rift,5,,,,,1250,,30,,,,,,ENERGY,0,,,,1,,,,,,,0,0,20,1000,,,SYSTEM,"no_drop, no_drop_salvage",,,,,,,,,,,,,
,,,,,,,,,,,,,,,,,,,,,,,,,,,,,,,,,,,,,,,,,,,,,,,
#Night Ravens Refit specials,,,,,,,,,,,,,,,,,,,,,,,,,,,,,,,,,,,,,,,,,,,,,,,
Helldart Missile Pod,bbplus_helldart_pod,5,,400,1000,,260,180,45,55,5,60,0.375,6,FRAGMENTATION,0,,,0.9,1,0.2,,,,,,350,75,7,120,,,"SYSTEM, DO_NOT_AIM, ANTI_FTR, DO_NOT_CONSERVE","no_drop, no_drop_salvage",,Night Ravens,,Anti Small Craft,Fast,Excellent,,,%s extra damage on armor or hull hits.,10-45,,,
,,,,,,,,,,,,,,,,,,,,,,,,,,,,,,,,,,,,,,,,,,,,,,,
,,,,,,,,,,,,,,,,,,,,,,,,,,,,,,,,,,,,,,,,,,,,,,,
#Decorations,,,,,,,,,,,,,,,,,,,,,,,,,,,,,,,,,,,,,,,,,,,,,,,
Blinker D (red orange),bbplus_blinker_redorange,,,,,,,,,,,,,,,,,,,,,,,,,,,,,,,,SYSTEM,,,,,,,,,,,,,,
BB Engine MED NR,bbplus_bbengine1_nr,,,,,,,,,,,,,,,,,,,,,,,,,,,,,,,,SYSTEM,,,,,,,,,,,,,,
BB Engine LG1 NR,bbplus_bbengine2_nr,,,,,,,,,,,,,,,,,,,,,,,,,,,,,,,,SYSTEM,,,,,,,,,,,,,,
BB Engine LG2,bbplus_bbengine3,,,,,,,,,,,,,,,,,,,,,,,,,,,,,,,,SYSTEM,,,,,,,,,,,,,,
BB Engine LG3,bbplus_bbengine4,,,,,,,,,,,,,,,,,,,,,,,,,,,,,,,,SYSTEM,,,,,,,,,,,,,,
Deco Vent Smallest,bbplus_decovent_smol,,,,,,,,,,,,,,,,,,,,,,,,,,,,,,,,SYSTEM,,,,,,,,,,,,,,
Small Wing Cover L,bbplus_smolwingcoverleft,,,,,,,,,,,,,,,,,,,,,,,,,,,,,,,,SYSTEM,,,,,,,,,,,,,,
Small Wing Cover R,bbplus_smolwingcoverright,,,,,,,,,,,,,,,,,,,,,,,,,,,,,,,,SYSTEM,,,,,,,,,,,,,,
Small Wing Cover L NR,bbplus_smolwingcoverleft_nr,,,,,,,,,,,,,,,,,,,,,,,,,,,,,,,,SYSTEM,,,,,,,,,,,,,,
Small Wing Cover R NR,bbplus_smolwingcoverright_nr,,,,,,,,,,,,,,,,,,,,,,,,,,,,,,,,SYSTEM,,,,,,,,,,,,,,
Adjunct Plate Radar,bbplus_radar_plate,,,,,,,,,,,,,,,,,,,,,,,,,,,,,,,,SYSTEM,,,,,,,,,,,,,,
Breaker Radar Array,bbplus_breaker_radar,,,,,,,,,,,,,,,,,,,,,,,,,,,,,,,,SYSTEM,,,,,,,,,,,,,,
