id,name,order,tier,description,author,combat officer,admiral,admin,tags,icon,
# NPC UNIQUE SKILLS,,,,,,,,,,,
bbplus_breaker_ops,Breaker Special Ops,5,6,Your rightheous wrath to the enemies of the Council of Five and undying loyalty is what sets you apart from mediocrity.,Lenze Battle Group Commander,TRUE,,,npc_only,graphics/icons/skills/bbplus_breaker_special_ops.png,
bbplus_breaker_tenacity,Unbreakable Tenacity,6,6,"There is no place for me other than the battlefield. To live as I please, and die a senseless death. That is who I am. Not a mere man of flesh. War is part of my existence.",Valjean's Hired Guns Captain,TRUE,,,npc_only,graphics/icons/skills/bbplus_breaker_tenacity.png,
bbplus_breaker_shield_systems,Breaker Shield Systems,900,6,"Let's see... So, this is the results of that project? Hm, not bad.","Lead Researcher Gemie, c180 Nevsky Polis",TRUE,,,npc_only,graphics/icons/skills/bbplus_breaker_shield_systems.png,
# OBTAINABLE UNIQUE SKILL,,,,,,,,,,,