id,type,frame,magnitude,map,path
,,,,,
bbplus_alter,ship,,1,normal,graphics/shaders/normal/ships/bbplus_jeannealter_normal.png
bbplus_asymptote,ship,,1,normal,graphics/shaders/normal/ships/bbplus_asymptote_normal.png
bbplus_baikal,ship,,1,normal,graphics/shaders/normal/ships/bbplus_baikal_normal.png
bbplus_blacklancer_proto,ship,,1,normal,graphics/shaders/normal/ships/bbplus_blacklancer_normal.png
bbplus_blacklancer_proto_nr,ship,,1,normal,graphics/shaders/normal/ships/bbplus_blacklancer_nr_normal.png
bbplus_blacklotus,ship,,1,normal,graphics/shaders/normal/ships/bbplus_blacklotus_normal.png
bbplus_bladestalker,ship,,1,normal,graphics/shaders/normal/ships/bbplus_bladestalker_normal.png
bbplus_caprice,ship,,1,normal,graphics/shaders/normal/ships/bbplus_caprice_normal.png
bbplus_conquest,ship,,1,normal,graphics/shaders/normal/ships/bbplus_conquest_normal.png
bbplus_falcon,ship,,1,normal,graphics/shaders/normal/ships/bbplus_falcon_normal.png
bbplus_griever,ship,,1,normal,graphics/shaders/normal/ships/bbplus_griever_normal.png
bbplus_ifrit_old,ship,,1,normal,graphics/shaders/normal/ships/bbplus_ifrit_old_normal.png
bbplus_ifrit_old_nr,ship,,1,normal,graphics/shaders/normal/ships/bbplus_ifrit_old_nr_normal.png
bbplus_incision,ship,,1,normal,graphics/shaders/normal/ships/bbplus_incision_normal.png
bbplus_kite,ship,,1,normal,graphics/shaders/normal/ships/bbplus_kite_normal.png
bbplus_onslaught,ship,,1,normal,graphics/shaders/normal/ships/bbplus_onslaught_normal.png
bbplus_portend,ship,,1,normal,graphics/shaders/normal/ships/bbplus_portend_normal.png
bbplus_reprise,ship,,1,normal,graphics/shaders/normal/ships/bbplus_reprise_normal.png
bbplus_shepherd,ship,,1,normal,graphics/shaders/normal/ships/bbplus_shepherd_normal.png
bbplus_sunder,ship,,1,normal,graphics/shaders/normal/ships/bbplus_sunder_normal.png
bbplus_sunder_nr,ship,,1,normal,graphics/shaders/normal/ships/bbplus_sunder_nr_normal.png
bbplus_venture,ship,,1,normal,graphics/shaders/normal/ships/bbplus_venture_normal.png
,,,,,
bbplus_battlefairy_wing,ship,,1,normal,graphics/shaders/normal/ships/bbplus_battlefairy_normal.png
bbplus_bugbear_wing,ship,,1,normal,graphics/shaders/normal/ships/bbplus_bugbear_normal.png
bbplus_grimfang_wing,ship,,1,normal,graphics/shaders/normal/ships/bbplus_grimfang_normal.png
bbplus_moroi_wing,ship,,1,normal,graphics/shaders/normal/ships/bbplus_moroi_normal.png
bbplus_obscurer_wing,ship,,1,normal,graphics/shaders/normal/ships/bbplus_obscurer_normal.png
bbplus_periapt_wing,ship,,1,normal,graphics/shaders/normal/ships/bbplus_periapt_normal.png
bbplus_rend_wing,ship,,1,normal,graphics/shaders/normal/ships/bbplus_rend_normal.png
bbplus_scabbard_wing,ship,,1,normal,graphics/shaders/normal/ships/bbplus_scabbard_normal.png
bbplus_stilt_wing,ship,,1,normal,graphics/shaders/normal/ships/bbplus_stilt_normal.png
bbplus_synapse_wing,ship,,1,normal,graphics/shaders/normal/ships/bbplus_synapse_normal.png
bbplus_vagary_wing,ship,,1,normal,graphics/shaders/normal/ships/bbplus_vagary_normal.png
,,,,,
bbplus_blacklotusmodule,ship,,1,normal,graphics/shaders/normal/ships/bbplus_blacklotus_module_normal.png
bbplus_repriseplate,ship,,1,normal,graphics/shaders/normal/ships/bbplus_repriseplate_normal.png
,,,,,
bbplus_radar_plate,hardpoint,,1,normal,graphics/shaders/normal/ships/bbplus_shieldplate_normal.png
bbplus_radar_plate,turret,,1,normal,graphics/shaders/normal/ships/bbplus_shieldplate_normal.png
bbplus_breaker_radar,hardpoint,,1,normal,graphics/shaders/normal/weapons/decorative/bbplus_breaker_radar_hardpoint_base_normal.png
bbplus_breaker_radar,turret,,1,normal,graphics/shaders/normal/weapons/decorative/bbplus_breaker_radar_turret_base_normal.png
bbplus_smolwingcoverleft,hardpoint,,1,normal,graphics/shaders/normal/weapons/decorative/bbplus_smolwingcoverleft_normal.png
bbplus_smolwingcoverleft,turret,,1,normal,graphics/shaders/normal/weapons/decorative/bbplus_smolwingcoverleft_normal.png
bbplus_smolwingcoverright,hardpoint,,1,normal,graphics/shaders/normal/weapons/decorative/bbplus_smolwingcoverright_normal.png
bbplus_smolwingcoverright,turret,,1,normal,graphics/shaders/normal/weapons/decorative/bbplus_smolwingcoverright_normal.png
bbplus_smolwingcoverleft_nr,hardpoint,,1,normal,graphics/shaders/normal/weapons/decorative/bbplus_smolwingcoverright_nr_normal.png
bbplus_smolwingcoverleft_nr,turret,,1,normal,graphics/shaders/normal/weapons/decorative/bbplus_smolwingcoverright_nr_normal.png
bbplus_smolwingcoverright_nr,hardpoint,,1,normal,graphics/shaders/normal/weapons/decorative/bbplus_smolwingcoverleft_nr_normal.png
bbplus_smolwingcoverright_nr,turret,,1,normal,graphics/shaders/normal/weapons/decorative/bbplus_smolwingcoverleft_nr_normal.png
,,,,,
