name,id,designation,tech/manufacturer,system id,fleet pts,hitpoints,armor rating,max flux,8/6/5/4%,flux dissipation,ordnance points,fighter bays,max speed,acceleration,deceleration,max turn rate,turn acceleration,mass,shield type,defense id,shield arc,shield upkeep,shield efficiency,phase cost,phase upkeep,min crew,max crew,cargo,fuel,fuel/ly,range,max burn,base value,cr %/day,CR to deploy,peak CR sec,CR loss/sec,supplies/rec,supplies/mo,c/s,c/f,f/s,f/f,crew/s,crew/f,hints,tags,rarity,breakProb,minPieces,maxPieces,travel drive,number
#Blade Breakers,,,,,,,,,,,,,,,,,,,,,,,,,,,,,,,,,,,,,,,,,,,,,,,,,,,,,
Black Lotus,bbplus_blacklotus,Battle Carrier,Blade Breakers,bbplus_reservewing,25,7500,800,7000,9000,600,170,3,38,20,14,12,6,2200,OMNI,,100,0.3,1,,,200,400,300,300,5,60,8,200000,5,15,430,0.25,24,24,,,,,,,"HIDE_IN_CODEX, SHIP_WITH_MODULES, COMBAT",bladebreakers,,0.6,2,4,,727
,,,,,,,,,,,,,,,,,,,,,,,,,,,,,,,,,,,,,,,,,,,,,,,,,,,,,
#BB Refit Article,,,,,,,,,,,,,,,,,,,,,,,,,,,,,,,,,,,,,,,,,,,,,,,,,,,,,
Baikal (refit),bbplus_baikal,Heavy Cruiser,Blade Breakers,bbplus_bladedrive,18,11000,1400,14000,10000,580,150,,47,37,27,28,25,2000,OMNI,,150,0.4,1,,,160,320,300,180,4,120,8,180000,4,15,540,0.25,25,25,,,,,,,HIDE_IN_CODEX,bladebreakers,,0.25,2,4,,721
Onslaught (refit),bbplus_onslaught,Battleship,Blade Breakers,istl_sigmajaunt,30,21000,1800,22500,30000,800,320,,48,20,13,8,7,3700,OMNI,,180,0.4,1.1,,,750,1250,200,400,15,27,8,1500000,3,13,720,0.25,50,50,,,,,,,HIDE_IN_CODEX,,,0.8,2,4,,703
,,,,,,,,,,,,,,,,,,,,,,,,,,,,,,,,,,,,,,,,,,,,,,,,,,,,,
#Deserters,,,,,,,,,,,,,,,,,,,,,,,,,,,,,,,,,,,,,,,,,,,,,,,,,,,,,
Reprise,bbplus_reprise,Frigate,Deserter,bbplus_sigmafield,5,2250,300,2750,3100,200,45,,120,125,100,75,115,260,OMNI,,300,0.3,0.7,,,15,35,30,25,1,30,10,40000,6,14,240,0.25,10,10,,,,,,,"HIDE_IN_CODEX, SHIP_WITH_MODULES",deserter_bp,,0.5,2,2,,729
Caprice,bbplus_caprice,Utility Rig,Deserter,istl_dockjets,6,6000,650,1200,2500,80,55,1,55,30,15,18,15,450,OMNI,,180,0.4,1,,,40,60,80,25,2,60,9,75000,2,30,270,0.3,9,9,,,,,,,"HIDE_IN_CODEX, CIVILIAN",deserter_bp,,0.5,2,3,,707
Incision,bbplus_incision,Armored Transport,Deserter,istl_decoyflares_main,7,7000,700,6000,5000,250,90,,50,25,10,10,13,1000,OMNI,,180,0.5,1,,,50,1000,200,120,6,80,8,130000,3,20,480,0.25,11,11,,,,,,,"HIDE_IN_CODEX, CIVILIAN, LINER",deserter_bp,,0.6,2,3,,705
Griever,bbplus_griever,Armored Tanker,Deserter,istl_heavyburn,8,8500,800,5500,4500,450,65,1,37,32,20,11,10,1600,OMNI,,180,0.25,0.95,,,45,220,150,1000,9,250,8,140000,3,13,680,0.15,12,12,,,,,,,"HIDE_IN_CODEX, CIVILIAN, TANKER",deserter_bp,,0.4,2,3,,704
Portend,bbplus_portend,Armored Freighter,Deserter,istl_decoyflares_main,9,8000,900,7000,6000,350,70,,42,40,25,9,7,1550,OMNI,,180,0.24,0.85,,,70,230,760,300,9,420,8,150000,4,14,680,0.15,13,13,,,,,,,"HIDE_IN_CODEX, CIVILIAN, FREIGHTER",deserter_bp,,0.45,2,3,,706
Bladestalker,bbplus_bladestalker,Phase Cruiser,Deserter,istl_sigmadisruptor,22,7250,1300,10500,18500,950,150,,85,60,40,30,25,1220,PHASE,istl_BBphasecloak,,,,0.05,0.05,50,110,110,155,3,50,8,310000,4,20,420,0.25,24,24,,,,,,,"HIDE_IN_CODEX, PHASE",deserter_bp,,0.5,2,3,,718
#Vehemence,bbplus_vehemence,Battleship,Deserter,,,,,,,,,,,,,,,,,,,,,,,,,,,,,,,,,,,,,,,,,,,,,,,,,,
,,,,,,,,,,,,,,,,,,,,,,,,,,,,,,,,,,,,,,,,,,,,,,,,,,,,,
#BBD Refit Article,,,,,,,,,,,,,,,,,,,,,,,,,,,,,,,,,,,,,,,,,,,,,,,,,,,,,
Shepherd (refit),bbplus_shepherd,Drone Tender,Deserter,istl_jetinjector,3,1400,350,1700,1400,120,23,1,95,120,70,90,180,200,OMNI,,90,0.5,1.2,,,15,30,100,40,1,40,9,30000,8,20,240,0.25,3,3,,,,,,,"HIDE_IN_CODEX, CIVILIAN",deserter_bp,,0.5,2,2,,709
Kite (refit),bbplus_kite,Corvette,Deserter,istl_slammerjets,4,1250,200,2800,3000,160,35,,140,150,75,65,100,180,OMNI,,150,0.2,0.8,,,5,30,25,20,1,30,10,32500,5,20,230,0.25,2,2,,,,,,,HIDE_IN_CODEX,deserter_bp,,0.75,2,2,,724
Sunder (refit),bbplus_sunder,Light Destroyer,Deserter,bbplus_sigmafocus,11,4200,250,8000,8400,520,110,,90,80,60,30,30,400,FRONT,,300,0.3,1.1,,,50,70,80,50,2,25,9,95000,5,15,300,0.25,13,13,,,,,,,HIDE_IN_CODEX,deserter_bp,,0.5,2,3,,722
Venture (refit),bbplus_venture,Cruiser,Deserter,istl_fastloader_proto,13,10000,1050,7000,6000,500,150,1,50,20,15,13,8,1500,OMNI,,180,0.4,1,,,135,350,500,130,3,40,7,230000,5,10,540,0.25,18,18,,,,,,,HIDE_IN_CODEX,deserter_bp,,0.4,2,3,,708
Falcon (refit),bbplus_falcon,Light Cruiser,Deserter,bbplus_breakerjets,14,7500,850,8500,8000,420,130,,85,55,30,24,25,650,FRONT,,270,0.4,1,,,110,190,120,100,3,33,9,220000,4,12,480,0.25,19,19,,,,,,,HIDE_IN_CODEX,deserter_bp,,0.5,2,3,,713
Conquest (refit),bbplus_conquest,Battlecruiser,Deserter,bbplus_conquerorjets,25,13500,1300,21000,30000,1300,320,1,50,30,20,8,6,2500,OMNI,,90,0.4,1.3,,,420,600,300,320,10,30,8,850000,3,15,600,0.25,40,40,,,,,,,HIDE_IN_CODEX,deserter_bp,,0.5,2,4,,714
,,,,,,,,,,,,,,,,,,,,,,,,,,,,,,,,,,,,,,,,,,,,,,,,,,,,,
#Legacy Hulls,,,,,,,,,,,,,,,,,,,,,,,,,,,,,,,,,,,,,,,,,,,,,,,,,,,,,
Iblis,bbplus_ifrit_old,Frigate,Deserter,istl_slammerjets,4,2000,300,3000,3200,200,40,,120,150,120,80,135,200,FRONT,,240,0.2,0.8,,,15,20,20,25,1,40,10,35000,5,20,240,0.25,8,8,,,,,,,HIDE_IN_CODEX,,,0.6,2,2,,217
Black Lancer,bbplus_blacklancer_proto,Cruiser,Deserter,istl_slammerjets,20,8400,900,10800,16000,760,150,,75,50,25,25,25,1800,FRONT,,300,0.2,0.8,,,75,180,100,100,3,30,8,240000,4,20,450,0.25,28,28,,,,,,,HIDE_IN_CODEX,,,0.6,2,3,,405
,,,,,,,,,,,,,,,,,,,,,,,,,,,,,,,,,,,,,,,,,,,,,,,,,,,,,
#High-Value Bounty,,,,,,,,,,,,,,,,,,,,,,,,,,,,,,,,,,,,,,,,,,,,,,,,,,,,,
Asymptote,bbplus_asymptote,Destroyer,Blade Breakers,bbplus_sigmaflash,20,5500,900,6000,4000,600,125,1,72,50,35,30,25,555,FRONT,,240,0.3,1.2,,,1,30,90,60,3,60,9,75200,5,12,420,0.25,18,18,,,,,,,HIDE_IN_CODEX,,,0.3,2,3,,716
Alter,bbplus_alter,Modified Carrier,Blade Breakers,bbplus_overwhelm,35,13500,1150,20000,22000,1450,325,6,50,28,15,10,7,3200,OMNI,,240,0.3,0.9,,,480,920,200,240,12,20,8,1600000,3,15,680,0.2,50,50,,,,,,,"HIDE_IN_CODEX, CARRIER, COMBAT",,,0.5,2,4,,726
,,,,,,,,,,,,,,,,,,,,,,,,,,,,,,,,,,,,,,,,,,,,,,,,,,,,,
#Modules,,,,,,,,,,,,,,,,,,,,,,,,,,,,,,,,,,,,,,,,,,,,,,,,,,,,,
,bbplus_blacklotusmodule,Module,Blade Breakers,,2,5000,1600,5000,,550,50,,0,0,0,10,10,200,NONE,,0,0,0,,,0,0,0,0,1,0,,800000,,1,,,0,0,,,,,,,HIDE_IN_CODEX,module_hull_bar_only,,1,2,4,,728
,,,,,,,,,,,,,,,,,,,,,,,,,,,,,,,,,,,,,,,,,,,,,,,,,,,,,
#Metal Plates,,,,,,,,,,,,,,,,,,,,,,,,,,,,,,,,,,,,,,,,,,,,,,,,,,,,,
,bbplus_shieldplate,Module,,,1,4000,2000,20000,,1000,0,,0,0,0,15,15,200,NONE,,165,1,0.6,,,0,0,0,0,1,0,,800000,,1,,,0,0,,,,,,,HIDE_IN_CODEX,"module_unselectable, module_refit_bright, module_hull_bar_only",,1,2,4,,715
,bbplus_repriseplate,Module,,bbplus_emp,1,3000,1500,20000,,1000,0,,0,0,0,16,16,150,NONE,,165,1,0.6,,,0,0,0,0,1,0,,800000,,1,,,0,0,,,,,,,HIDE_IN_CODEX,"module_unselectable, module_refit_bright, module_hull_bar_only",,1,2,3,,730
,,,      ,,,,,,,,,,,,,,,,,,,,,,,,,,,,,,,,,,,,,,,,,,,,,,,,,,
#Deserter Wings,,,,,,,,,,,,,,,,,,,,,,,,,,,,,,,,,,,,,,,,,,,,,,,,,,,,,
Bugbear,bbplus_bugbear_wing,,Deserter,,,650,105,600,,50,0,,125,125,100,90,180,50,OMNI,,120,0,1,,,3,3,,,,,,,,,,,,,,,,,,,HIDE_IN_CODEX,,,0,,,,731
Grimfang,bbplus_grimfang_wing,,Deserter,,,400,150,800,,100,0,,180,300,300,180,220,15,NONE,,0,0,0,,,0,0,,,,,,,,,,,,,,,,,,,HIDE_IN_CODEX,,,0,,,,732
,,,,,,,,,,,,,,,,,,,,,,,,,,,,,,,,,,,,,,,,,,,,,,,,,,,,,
#BBD Built-in Wings,,,,,,,,,,,,,,,,,,,,,,,,,,,,,,,,,,,,,,,,,,,,,,,,,,,,,
Rend,bbplus_rend_wing,,Deserter,istl_BBdecoyflare,,420,110,750,,150,0,,150,120,50,105,150,50,FRONT,,90,0,1.2,,,0,0,,,,,,,,,,,,,,,,,,,HIDE_IN_CODEX,,,0,,,,710
Stilt,bbplus_stilt_wing,,Deserter,istl_BBdecoyflare,,500,95,500,,95,0,,300,160,100,120,240,15,NONE,,0,0,0,,,0,0,,,,,,,,,,,,,,,,,,,HIDE_IN_CODEX,,,0,,,,711
Periapt,bbplus_periapt_wing,,Deserter,,,500,100,650,,100,0,,180,300,300,180,225,20,FRONT,,180,0,1,,,0,0,,,,,,,,,,,,,,,,,,,HIDE_IN_CODEX,,,0,,,,723
Vagary,bbplus_vagary_wing,,Deserter,,,250,80,750,,80,,,250,300,300,210,225,10,FRONT,,120,0,1,,,0,0,,,,,,,,,,,,,,,,,,,HIDE_IN_CODEX,,,0,,,,733
,,,,,,,,,,,,,,,,,,,,,,,,,,,,,,,,,,,,,,,,,,,,,,,,,,,,,
#Blade Breaker Wings,,,,,,,,,,,,,,,,,,,,,,,,,,,,,,,,,,,,,,,,,,,,,,,,,,,,,
Scabbard,bbplus_scabbard_wing,,Blade Breakers,istl_BBpulsejets,,800,130,700,,100,0,,235,400,350,90,180,30,FRONT,,180,0,1.3,,,0,0,,,,,,,,,,,,,,,,,,,HIDE_IN_CODEX,,,0,,,,712
,,,,,,,,,,,,,,,,,,,,,,,,,,,,,,,,,,,,,,,,,,,,,,,,,,,,,
#BB Built-in Wings,,,,,,,,,,,,,,,,,,,,,,,,,,,,,,,,,,,,,,,,,,,,,,,,,,,,,
Obscurer,bbplus_obscurer_wing,,Blade Breakers,,,550,120,900,,160,0,,190,160,95,105,180,35,PHASE,istl_BBphasecloak_ftr,,,,0.05,0.05,1,1,,,,,,,,,,,,,,,,,,,"HIDE_IN_CODEX, PHASE",,,0,,,,719
Synapse,bbplus_synapse_wing,,Blade Breakers,,,600,90,550,,100,0,,190,200,200,40,120,30,OMNI,,160,0,1.2,,,0,0,,,,,,,,,,,,,,,,,,,HIDE_IN_CODEX,,,0,,,,717
,,,,,,,,,,,,,,,,,,,,,,,,,,,,,,,,,,,,,,,,,,,,,,,,,,,,,
#Specials,,,,,,,,,,,,,,,,,,,,,,,,,,,,,,,,,,,,,,,,,,,,,,,,,,,,,
Moroi,bbplus_moroi_wing,,Blade Breakers,istl_BBpulsejets,,400,85,700,,200,0,,160,150,150,130,200,30,NONE,,0,0,0,,,1,1,,,,,,,,,,,,,,,,,,,HIDE_IN_CODEX,,,,,,,
,,,,,,,,,,,,,,,,,,,,,,,,,,,,,,,,,,,,,,,,,,,,,,,,,,,,,
#Blade Breaker Special Fighter,,,,,,,,,,,,,,,,,,,,,,,,,,,,,,,,,,,,,,,,,,,,,,,,,,,,,
Battle Fairy,bbplus_battlefairy_wing,,Blade Breakers,bbplus_miragesigma_ftr,,1150,230,800,,170,0,,300,300,300,135,240,100,OMNI,,180,0,1,,,4,4,,,,,,,,,,,,,,,,,,,HIDE_IN_CODEX,,,0,,,,720
