id,variant,tags,tier,rarity,fleet pts,op cost,formation,range,attackRunRange,attackPositionOffset,num,role,role desc,refit,base value,,,,,,,,,,,,,number
bbplus_bugbear_wing,bbplus_bugbear_Minelayer,"fighter5, fighter, no_drop, deserter_bp, restricted",3,,8,13,DIAMOND,3000,400,,3,FIGHTER,Mine Layer,14,30000,,,,,,,,,,,,,859
bbplus_grimfang_wing,bbplus_grimfang_Assault,"fighter4, fighter, no_drop, deserter_bp, restricted",3,,6,12,DIAMOND,3000,500,,3,FIGHTER,Assault Drone,13,25000,,,,,,,,,,,,,860
,,,,,,,,,,,,,,,,,,,,,,,,,,,,
bbplus_rend_wing,bbplus_rend_Guard,"support0, no_drop, no_sell, drone, restricted",2,,5,0,BOX,0,400,,4,FIGHTER,Drone,12,5000,,,,,,,,,,,,,851
bbplus_stilt_wing,bbplus_stilt_Interceptor,"no_drop, no_sell, drone, restricted",2,,4,0,BOX,600,400,,6,INTERCEPTOR,Drone,9,5000,,,,,,,,,,,,,852
bbplus_periapt_wing,bbplus_periapt_Defense,"support1, no_drop, no_sell, drone, restricted",2,,3,0,V,2000,550,,3,FIGHTER,Defense Drone,8,5000,,,,,,,,,,,,,853
bbplus_vagary_wing,bbplus_vagary_Auxiliary,"support1, no_drop, no_sell, drone, restricted",2,,2,0,V,1500,450,,2,SUPPORT,Auxiliary Drone,15,5000,,,,,,,,,,,,,861
,,,,,,,,,,,,,,,,,,,,,,,,,,,,
,,,,,,,,,,,,,,,,,,,,,,,,,,,,
bbplus_moroi_wing,bbplus_moroi_Bomber,"bomber6, bomber, no_drop, no_sell, restricted",4,,8,20,V,3500,1000,600,2,BOMBER,Bomber,32,70000,,,,,,,,,,,,,862
bbplus_scabbard_wing,bbplus_scabbard_Heavy,"fighter6, fighter, no_sell, restricted, bladebreakers",5,,8,15,V,3000,500,,3,FIGHTER,Heavy Fighter Drone,12,60000,,,,,,,,,,,,,856
,,,,,,,,,,,,,,,,,,,,,,,,,,,,
bbplus_obscurer_wing,bbplus_obscurer_Blitz,"bomber7, bomber, no_sell, no_drop, restricted",5,,10,25,CLAW,3500,2000,750,2,BOMBER,Phase Bomber,20,65000,,,,,,,,,,,,,857
,,,,,,,,,,,,,,,,,,,,,,,,,,,,
bbplus_synapse_wing,bbplus_synapse_Drone,"interceptor5, interceptor, no_drop, no_sell, drone, restricted",3,,5,0,CLAW,3000,500,750,5,INTERCEPTOR,Support Drone,19,10000,,,,,,,,,,,,,854
bbplus_battlefairy_wing,bbplus_battlefairy_Elite,"fighter9, fighter, rd_no_extra_craft, attack_at_an_angle, independent_of_carrier, no_drop, no_sell, bladebreakers, restricted",5,,11,40,V,3500,900,100,1,FIGHTER,Prototype Superfighter,30,67000,,,,,,,,,,,,,858
