id,type,text1,text2,text3,notes
#SHIPS,,,,,
#BLADE BREAKERS,,,,,
bbplus_baikal,SHIP,"With its seemingly outdated and obsolete systems overhauled and brought up to Blade Breaker standards, this Baikal cruiser has been reborn anew. Stronger multilayered armor plating and latest weapon mount integration systems put the Baikal (refit) into the role of a spearhead followed by the rest of the fleet. A spearhead which pierces enemy line and creates chaos in enemy ranks while on its violent warpath.

A heavy multi-role cruiser, the Baikal-class is an aging but flexible design, capable of handing nearly any requirement from convoy escort to fleet command ship to aggressive salvage operations in disputed zones. 

Once considered hopelessly obsolete, the current Block VI update of the Baikal features an all-new shield generator and improved high-output thrusters.",,,
bbplus_blacklotus,SHIP,"A new generation battlecarrier of Blade Breaker designs, the Black Lotus-class is a newer type of carrier that appears to be built to succeed the older generation of Curse stealth carriers and still retains a smaller energy profile. It has huge enough space to carry more fighters and weapon ordnance than its predecessor, but has not seen widespread use just yet and so remains a very rare sight.

As a new design, the Black Lotus has only recently been encountered by Sector military analysts and its sightings can be found mostly in battlegroups assigned to defend Lenze and other high-priority systems with Blade Breaker presence.",,,
bbplus_onslaught,SHIP,"Rebuilt from the designs of a captured Onslaught-class battleship, that was completely converted with Blade Breaker technology. As one of the few successful converted hulls, it enters their service and can be seen in Blade Breaker battle groups, further bolstering their menacing force.

A venerable design, the Onslaught-class battleships were first created to serve the Domain Armada long ago, before the development of advanced strike weapons, modern energy weapons, and shield systems. 

When first launched from orbital dock, they must have surely dwarfed any other ship in existence and intimidated entire systems. Some even say that they were built to combat non-humans in a long forgotten war. Much later, Domain engineers made modifications to the blueprints to include a shield system, upgraded the FTL drives, and reduced the necessary crew complement through automation and iterative engineering. Even though more advanced blueprints are available, the Onslaught remains the easiest to manufacture due to the brutal simplicity of its systems. 

A ship designed without shields in mind, the Onslaught is built to be able to withstand a heavy barrage of enemy fire and strike back while protecting its crew. And strike back it can; the Onslaught's unmatched ballistic potential can devastate entire fleets in minutes and it's only drawback is a logistical dependency on ammunition. 

Onslaught-class vessels are much loved by their officers and crew, and proudly serve as the backbone of the Hegemony Navy.",,,
,,,,,
#DESERTER,,,,,
bbplus_blacklancer_proto,SHIP,"A late prototype design of the Black Lancer cruiser, its specifications and ordnance are outdated but retains the capability of being operated by human crew.",,,
bbplus_bladestalker,SHIP,"A protoype phase cruiser built from a peculiar template, the Bladestalker-class has the capability to snipe enemies from afar and ensnaring them with a Sigma Disruptor when the distance is closed on the target, leaving them vulnerable to its lethal assaults. 

Bladestalkers are malicious, truly fearsome hunters in the battlefield and are meant to succeed the Devil Ray-class, a previous Blade Breaker phase destroyer. Several design cues are taken from both the Devil Ray and Slammer designs, incorporating the qualities of both while mitigating some of their design flaws and issues.",,,
bbplus_caprice,SHIP,"A compact and durable prototype utility rig built for Blade Breaker's salvaging and industrial operations, the Caprice-class is a versatile utility vessel with an advance surveying equipment installed and accompanied by two auxiliary drones. Its prototype model were depreciated and failed to reach its completion.",,,
bbplus_conquest,SHIP,"A captured Conquest-class battlecruiser that went through a series of conversion and modification to become suitable for Blade Breaker standards. The Conquest(refit) has an improved broadside framework and armaments including a singular launch bay for supplemental fighter support. While only a prototype, this repurposed battlecruiser is sturdy enough to face multiple threats in its way and can flank targets with ease. Ultimately, the development line for this hull didn't progress any further; making it as one-off prototype design.

The Conquest-class battlecruiser is the embodiment of concentrated firepower. Developed in the period just preceding the popularization of fighter craft, these ships emphasize firepower and speed over armor protection.

Space Naval tacticians of the day were confident that new weapons systems would always outperform armor and shields and thus were the key to winning an engagement. So why not build a ship for speed and power? Give it the armor protection of a cruiser, but arm it with the best weapons available to any ship, and have it remain faster than any of those lumbering behemoths of the line. The Conquest is a good example of these concepts put into a hull. Many other advanced technologies were incorporated into the design, including weapon mounts designed for a circling engagement. This maneuver requires greater navigational skill while serving to provide more tactical options to the commanding officers. 

Fortune favors the bold, the ancients said. This class of ships does indeed favor the bold captain, willing to risk everything for the thrill of victory.",,,
bbplus_falcon,SHIP,"A full overhaul and conversion of a captured Falcon-class light cruiser, modified and remade using Blade Breaker technology. Due to the limited capabilities of the base Falcon, the Blade Breakers have decided to throw it aside and forget it in favor of more effective designs. Its rear small modular mounts protecting the engines were removed and re-positioned to the front of the ship, putting the Falcon(refit) into a more highly-aggressive role.

Often called the Eagle's little brother, the Falcon-class light cruiser sacrifices armor for speed, neatly filling the light cruiser role in military fleets throughout the Persean Sector. 

The ""light"" designation does not indicate a significant reduction in firepower however, making the Falcon a valuable, tactical asset to any fleet. The ship is easily able to fill a wide variety of roles, from close-support to assault, given the proper configuration. The Falcon's top-notch engines gives it the ability to quickly disengage from battle as well, should its defenses be pressed to a critical point.

Swift and elegant, Falcon-class cruisers are often found as lead elements in larger fleet formations, or deployed to reinforce anti-pirate convoys.",,,
bbplus_griever,SHIP,"Griever is a durable fuel tanker with fuel capacity suitable for prolonged expeditions. It is reasonably well-defended to fend off light hostiles and deploys a wing of defence drones for even more protection.

Notable difference from most tankers is peculiar fuel tank design specialised for bombardment duties, stemming from Blade Breaker desire to eradicate all other factions in the sector.",,,
bbplus_ifrit_old,SHIP,"An aggressive fast frigate, mounting comparatively few weapons but equipped with an efficient shield. The production of this prototype frigate came into halt as newer and more intuitive designs become available.",,,
bbplus_incision,SHIP,"A dedicated personnel transport ship, the Incision has the capacity to carry a large battalion of marines, sufficient to conduct military operations such as raids. It is suitably armed in order to protect itself if vulnerable, with slots being quite versatile. Despite that, it still requires proper escorts.

Incision's unique aspect are automated combat droids, referred to as the Subjugator Automatons. They are deployed together with ground forces during raids in order to provide additional strength in engagements.",,,
bbplus_kite,SHIP,"This Kite-class aeroshuttle has undergone extensive alteration and was brought up to Blade Breaker specs, fulfilling the role of aggressive escort craft. Aforementioned modifications have also changed the small turret mount into a medium sized mounting, giving it a bite one wouldn't expect from such a ship. One might think that this design was used as prototype or baseline for Imp-class and Snake Eye-class frigate designs, which are in use by Blade Breakers currently.

The existence of this design poses a curious question on why does this ship even exist. Blade Breakers, at face value, don't seem to be a group that would use a civilian shuttle. If one takes a look inside the vessel, they will find that there is barely enough space for skeleton crew to operate the ship, as most of once spacious internal space and cargo holds have been dedicated to keeping the entire ship working. Powering and loading the single medium turret in such a small ship is no small feat, not to mention the monstrous, overdriven Sigma Matter-powered engine and accompanying Sigma Pulsejets system being crammed into the hull as well. It is a testament to ingenuity and quality of Blade Breaker shipwrights that this vessel exists and doesn't explode mere seconds after leaving the dock.",,,
bbplus_portend,SHIP,"A well-armed combat freighter, the Portend-class is mainly used for traversing dangerous sectors and perilous long-distance, interstellar travel. Equipped with sufficient weaponries and well protected cargo holds.",,,
bbplus_reprise,SHIP,"A unique, experimental vessel, information about the Reprise-class entails that it is the first ship to have tested the Sigma Field Project of the Blade Breakers. The Reprise was built as a support ship, designed to further stretch out the role of escort vessels, while providing additional benefits.

This prototype frigate utilizes the Sigma Field through its special regulators which spread out to a certain range. When deployed, the affected allies within its proximity have their combat capabilities boosted. Additionally, Blade Breaker hulls benefit more from the blanketed area as their Sigma-powered engines resonate more strongly with the field more than vessels of other designs and tech base.",,,
bbplus_shepherd,SHIP,"A retrofitted version of Shepherd-class frigate, thoroughly overhauled and improved with Blade Breaker Engineering. This rebuild of the Shepherd is a fast and reliable vessel, intended for space exploration and salvaging operations.

The Ko Combine r450 ""Shepherd"" sets the standard for civilian drone tenders with unmatched reliability, low cost, and internal volume given to crew comfort. A wildly popular combat modification package has been assembled by various survivalist and pirate groups, the ""HK"" mod, which consists of specifications to up-armour the hull for combat and supercharge factory-spec systems for greater burst speed and weapon function. Even modified, the Shepherd-class is fragile, so as in civilian life it relies on a swarm of �Borer� utility drones to do its work.

The ""Borer"" is built on a hardy, maneuverable semi-autonomous drone chassis with shielding suitable for hazardous operations in which high radiation or physical impacts may be expected. Commonly used in mining applications, they have also found use in salvage, ordnance disposal, and even fission meltdown clean-up. The HK mod package gives specifications for altering the primary cutting beam's focus and patches the rudimentary AI with crude tactical algorithms pirated from obsolete Domain Colonial Garrison drone software. Appendices of the mod package recommend caution when employing HK-modified drones in non-combat situations.",,,
bbplus_sunder,SHIP,"Presumably the origin point of concept for the development of Slammer-class and Spearhead-class destroyers, the Sunder's weapon mounts were reconfigured and adjusted to adhere to Blade Breaker combat standards. The Sunder(refit) is a nimble, yet fragile prototype destroyer that can dish out surmountable energy damage provided by its Sigma Focus ship system.

A technologically advanced yet fragile destroyer from the late Domain era, the Sunder-class was designed to provide additional firepower in fleet actions carried out by the stretched Domain Navy, rather than serve on independent patrols. 

The Sunder has powerful shield emitters and energy weapons, but is vulnerable to strike craft and flanking assault frigates.",,,
bbplus_venture,SHIP,"This converted Venture-class cruiser is a hurriedly reconstructed example for the Blade Breaker's mining operations. The original plan was to make its design cues relevant to malleable industrial applications, however that idea was changed drastically once they deem that priority isn't vital anymore. Its following alterations hinges into the 'support' role thus giving it additional ordnance to carry more missile payload. The last additions given to this hull was a highend phased sensors and advanced surveying gear which are useful for surveying missions. While the end result further diverts away from the original Venture designs; making the resemblance less striking, its initial combat parameters are augmented without any doubt.

Tough, dependable and not overly expensive, Venture-class cruisers are usually constructed by private corporations for escort duty or by small, non-aligned worlds for system defense.

The Venture-class cruiser is perhaps the most widely used civilian cruiser in the Persean Sector. The blueprints for the Venture are widely available and can often be secured without too much trouble. When used by small corporations, the ship is usually the pride of the fleet and is used to underpin vital operations. Due to its ubiquity, the vessel also serves with quite a few pirate outfits, where it sometimes fills the role of a command ship.",,,
,,,,,
#WINGS,,,,,
#BLADE BREAKERS,,,,,
bbplus_battlefairy_wing,SHIP,"The Blade Breaker's latest and most menacing strike craft, the Battle Fairy(also referred to as Warfairy in declassified 6th Bureau reports) is a refined version of the Spooky. A heavily armed prototype fighter built with robust nanolaminate chassis. An impressively small, yet advanced teleportation device has been connected to its power core, allowing the Battle Fairy to evade incoming projectiles with ease by jaunting freely out of realspace and back again. This fighter is the embodiment of Blade Breaker aggressive and unrelenting combat doctrine.",,,
bbplus_moroi_wing,SHIP,"A special Blade Breaker wing built using the blueprints of Dassault-Mikoyan's Nymphe Light Bomber. Its ordnance were changed to carry a high-powered, unguided Wrathspike torpedo. It is also armed with a singular S-Particle beamer that helps the Moroi intercept hostiles en-route. It never reach mass production and it only exist in very limited numbers.",,,
bbplus_obscurer_wing,SHIP,"An intimidating bomber, the Obscurer is a Blade Breaker design that uses miniature phase cloak technology as its main advantage, much like its sister craft, the Hellion phase-fighter. An efficient bomber armed with two Energy S-Torpedoes, these bombers deliver devastating blows to unsuspecting targets left unimpeded.",,,
bbplus_scabbard_wing,SHIP,"Derived from the Broadsword fighter, the Scabbard drone is a Blade Breaker version of the craft that is armed with sturdy shields and deadly assault chain guns.",,,
bbplus_synapse_wing,SHIP,"An odd interceptor drone which has neuro-signal systems embedded into its structure. This creates a perfect connection between Asymptote and Synapse, allowing the pilot of the former to manipulate Synapse wing with zero-lag response time.",,,
,,,,,
#DESERTER,,,,,
bbplus_bugbear_wing,SHIP,"An experimental wing armed with a simple mine-laying weapon, firing energy mines in a preset pattern. Underwhelming in small numbers, but a group of Bugbears can reach a considerable amount of threat potential to a target.",,,
bbplus_grimfang_wing,SHIP,"A high-speed drone wings equipped with a beam emitter that can fire beam shots or emit a short beam blade. It sacrifices its shield generator to divert more energy into the beam blade, increasing its damage output.",,,
bbplus_periapt_wing,SHIP,Nimble guard drones designed as supplementary defense for Griever. It is armed with a S-Shockbeam and decent shields.,,,
bbplus_rend_wing,SHIP,"A revised bulky mining drone, tied to the converted Venture-class cruiser by Blade Breakers. As they have no pilot and rudimentary AI, they cannot stray very far from their host mothership. Its upscaled armor and twin phased lasers gives the drone more combat potential that the original.",,,
bbplus_stilt_wing,SHIP,"An agile, retrofitted Borer Drone, built to defend its mothership. While it possesses remarkable maneuverability and speed, the Stilt lacks shield emitters to protect itself.",,,
bbplus_vagary_wing,SHIP,A decently armed drone with durable shields. It is deployed to provide additional firepower for Caprice.,,,
,,,,,
#HVB SPECIALS,,,,,
bbplus_alter,SHIP,"A modified Jeanne d'Arc-class fleet carrier, that was taken away by a former Inspecteur Divisionnaire Claire de'Lunne, during her unexpected insurrection in Martinique. With her unparalleled commanding skill and tactical prowess, this vessel is responsible for decimating several elite Sixth Bureau vessels while escaping unscathed. Ironically, it is also the same flagship that was used to lead Valjean's coordinated relief operations and occasional pirate extermination in the star system of Martinique. The original pristine ivory color of the Alter-class carrier has been replaced by the ominous, jet-black luster of Blade Breakers as if reflecting Claire's fall from grace. 

A heavy fleet carrier, the Jeanne d’Arc-class heavy fleet carrier is designed to dominate the battlespace with high-capacity flight decks, top-of-the-line fire control systems and an impressive array of offensive and defensive weapons. 

The expense of constructing and maintaining such an enormous ship has, so far, kept them relatively rare and Jeanne d'Arcs are only seen in Dassault-Mikoyan corporate fleets.",,,
bbplus_asymptote,SHIP,"The Asymptote-class is a vessel created using a husk of an unidentified destroyer. Remade by the Blade Breakers in order to perform combat tests for the experimental Neurolink System, find issues and improve on it.

Neurolink Systems are one of many more recent creations made by Blade Breakers and their shadowy Council of Five. A next generation system created as replacement for normal control systems, requiring only one person to control the entire vessel instead of dozens, if not hundreds of people. Testing is yet to ascertain if this system is a worthwhile improvement over current control system, as the strain of neural feedback from so many systems controlled by one person is a known issue. What adaptation of this system by Blade Breakers would do to the rest of the Sector is anyone's guess.",,,
,,,,,
,,,,,
#WEAPONS,,,,,
bbplus_barragemortar,WEAPON,"A multi-barreled artillery weapon, projecting inaccurate salvoes of energy shells at long range. These weapons are notably effective in area suppression of shielded and unshielded targets alike.",Fire Support,,
bbplus_cleaverheavy,WEAPON,"The upsized and final iteration of Soul Cleaver rail cannon designs, it posseses a considerable amount of firepower while being granted with a simple, yet sophisticated loading mechanism that allows it to fire with impunity. Fires high velocity pseudo-metastable slugs that add more destruction per hit, making it reasonably dangerous to all targets - especially to exposed; damage hulls.",Close Support,,
bbplus_cleaverlight,WEAPON,"The lightest of the failed series of Soul Cleaver prototypes, this rail cannon was thought never to reach completion, which was the forgone conclusion of its creators. Even so, the Blade Breakers scrounged all data from the tests they conducted from these rail cannons and proceeded to the development of Shell Hawk AC. Their deserter counterparts on the other hand, took the blueprints and applied their own modifications. Each projectile fired from these cannons is charged with pseudo-metastable shells. Despite being the smallest iteration of the Soul Cleaver prototypes, its firepower still proves to be effective, primarily against armor and hulls.",Close Support,,
bbplus_cleavermedium,WEAPON,A medium-sized rail cannon from the failed Soul Cleaver series of prototype weapons of the Blade Breakers. The modifications done by their deserter counterparts make it more potent; an array of these weapons can assail and easily pressure heavily armored hulls from opposing ships. ,Close Support,,
bbplus_decimator_large,WEAPON,"""This is the will of the Council of Five. We will obliterate the entire sector and lead its decadent inhabitants to slaughter.""",- Lenze Battle Group Commander,,
bbplus_deerstalker,WEAPON,"An enhanced version of Cryoparticle Accelerator, solely built for and integrated into the Bladestalker. Has a longer range and deals more damage to enemy vessels.",Assault (Exotic),,
bbplus_electronrocket_barrage,WEAPON,"An upsized launch platform for unguided torpedoes carrying electron-compression warheads, equally effective against shields and armor. Penetration is relatively low, but hull hits cause a devastating arc surge that disables multiple weapons and engines. Semi-inert warheads have been the dream of strike munitions designers for milennia - the advanced electron-compression device at the heart of this system is as close as any of them are likely to get. Because of the enlarged launcher, its electron warhead payloads also gets an increase to its size, amplifying its destructive properties than the previous iterations.",Strike,,
bbplus_energytorpedo,WEAPON,"A Sigma-loaded torpedo launcher fitted to Obscurer, a pair of these can deal devastating blow to the targeted hull if left unprotected.",Strike (Exotic),,
bbplus_exocet_collider,WEAPON,"An unexpected byproduct of BCS-T66 Sigma Bomb testing that underwent several developments to become more suitable for warship ordnance; without risking the safety of the vessel carrying it. The Excocet is the final word in Sigma-based torpedo design. Originally a prototype similar to the Strategos module found on the Warlock carrier, the Excocet differs however from that weapon system, as it is more compact, can be fitted to most vessels that have the space and is usually exclusively used as a dedicated anti-station weapons platform in strike operations.

Due to the extreme rarity of the material and components it requires, only a limited number of these warheads exist and newly created examples are only possible in equally limited numbers. It is rarely used outside of large strike operations, particularly in razing colonies, habitats or on raids of the same.",Strike (Exotic),,
bbplus_fangs_beam_saber,WEAPON,A highly concentrated beam emitter that generates potent laser blade that can easily tear hulls and penetrate shields. It has extremely short range and it requires for the Grimfang to get close to the target to fully utilize it.,Strike,,
bbplus_fangs_beamer,WEAPON,The primary weapon of Grimfang drones used for ranged engagements. The emitter shoots high output beams powered by unstable Sigma-matter.,General,,
bbplus_fractal_cluster,WEAPON,"A special electron warhead packed with deadly proximity E-Mines inside. It has the specification of a MIRV but instead of splitting into multiple homing submunitions, it splits into several electron mines that deals high explosive damage and EMP. Its devastating effect increases when launched from afar.",Strike,,
bbplus_helldart_pod,WEAPON,"A modified variant of Aiguille SAM System, which are generally ineffective at damaging armor, but useful for intercepting missiles and fighters.",General,,
bbplus_impulsered_ring,WEAPON,"An advanced version of integrated heavy point-defense mount, linked directly into the ship's power grid. Capable of generating multiple beams to engage many targets simultaneously.",Point Defense,,
bbplus_lamia_quad_blaster,WEAPON,A deadly quartet of Sigma-charged pulse blaster that fires simultaneously. Each energized projectiles is fired rapidly which can efficiently pressure shields with ease; hull hits has a chance to induce EMP damage.,Suppresion,,
bbplus_linus,WEAPON,"A small and compact missile rack of semi-guided munitions for area saturation. Individual rockets are weak and often miss, but the launcher fires rapidly and can easily overwhelm point defenses.",Strike,,
bbplus_mgdual,WEAPON,"Two assault accelerator guns, synced up to fire alternating bursts. Continuous fire makes this weapon devastating against enemy shields in a short-range engagement.",Close Support,,
bbplus_mghex,WEAPON,"The last of the experimental Assault Chain Gun(or ACG) series to release in the open market, the Hex is an array of six, assault-synchronized guns which has the capability to project sustained firepower, potent enough to decimate a group of fighters and bringing down shields in close quarter brawl. Although the ACG series was deemed a failure by Blade Breaker weapons development for not matching their primary tactics, their Deserter counterparts found more functionality for them.",Close Support,,
bbplus_mglight,WEAPON,"The smallest iteration of assault chain gun series, the Jinx is configured for fighters to use as point-defense and support fire. Ironically, it is the only weapon from the failed ACG series, that received a pass and used primarily on the Scabbard drone fighter on its four turret mounts.",Close Support,,
bbplus_mgquad,WEAPON,"An experimental, quad-mounted assault accelerator that fires short, controlled bursts to minimize damage to the mount from heat and vibration. It excels in knife-range engagements and shield suppression.",Close Support,,
bbplus_mincer,WEAPON,"A straightforward, conventional rotary cannon, firing high velocity explosive dart ammunition. Unlike most similar weapons, the Mincer includes an automatic burst regulator for more precise trigger control.",Assault,,
bbplus_NTKautogun,WEAPON,"A compact revolver cannon with a high rate of fire, typically employed for point-defense. Smart-fuzed fragmentation rounds detonate in proximity to missiles, but only explode after penetrating armored targets.",Point Defense,,
bbplus_oeagrus,WEAPON,"A large launch pod of volume-fire missile system, delivering a tempest of semi-guided munitions for area saturation. Individual rockets are underwhelming and often miss, but the launcher fires rapidly and can easily overwhelm point defenses.",Strike,,
bbplus_phased_ciws,WEAPON,An experimental autogun fitted to the Stilt drones. It fires a rapid stream of diffuse particle bolts.,Assault,,
bbplus_phased_pulser_ftr,WEAPON,"A simple phased laser weapon fitted for Rend mining drones, it performs well against fighters and light craft but fares poorly against enemy shields. Damage falls off with range.",Assault,,
bbplus_plasma_erupter,WEAPON,"A thunderous assault positron blaster, firing a continuous stream of high-intensity bolts. Captains are cautioned to track flux headroom closely, as the mount can quickly overheat.",Assault (Exotic),,
bbplus_plasvulcan,WEAPON,A standard and compact lightweight plasma vulcan that fires in rapid succession.,Point Defense,,
bbplus_reverbciws,WEAPON,"Like the common vulcan cannon, Reverb CIWS are a low-cost point-defense weapon; what they lack in accuracy of fire, they make up for in volume, filling a cone of space with fast-moving slugs.",Point Defense,,
bbplus_sentry,WEAPON,"A compact anti-missile flak weapon, firing standard proximity-fuzed grenades. ",Point Defense,,
bbplus_shockbeam_ftr,WEAPON,This Sigma powered shockbeam is configured to be suitable for fighter ordnance. It fires a stream of energized beam and has a decent output to pressure shields but unremarkable against armors.,Assault,,
bbplus_sigma_blaster_ftr,WEAPON,"A Sigma-charged laser mount designed exclusively for Synapse. Compared to standard auto laser designs, it is inefficient towards armor, but its rapid firing fares well against shields.",Assault,,
bbplus_sigmapd,WEAPON,"A prototype particle beam weapon, powered by Sigma-charged capacitors. Somewhat efficient at anti-fighter and point-defense duties, but it performs poorly against armor.",Point Defense,,
bbplus_sigmareaper,WEAPON,"An upgraded version of Reaper Torpedo, using Sigma-tech modifications. While it remains unguided, its core payload consists of compressed Sigma-enriched particles, which greatly amplifies its destructive properties resulting in a more devastating explosion on impact.",Strike,,
bbplus_streak_launcher,WEAPON,"A large missile platform that launches a barrage of Streak submunitions and can overwhelm targets easily. Useful against small, fast moving enemies and hulls with exposed armor.",Strike,,
bbplus_thermalheavy,WEAPON,"A large thermal pulse projector, used to project a cluster of shots in an arc. Highly effective against shielded fighters and missiles, but easily defeated by heavy armor.",Point Defense,,
bbplus_tpc,WEAPON,An extensively modified Thermal Pulse Cannon that has undergone numerous developments and alterations to become compatible with Sigma Tech. This results in higher damage output and increased rate of fire at the expense of its flux efficiency.,Assault (Exotic),,
bbplus_wrathspike_tube,WEAPON,A miniature version of S-Reaper torpedo made to fit for Moroi Bomber's ordnance. The warhead size might be smaller but its firepower still quite devastating.,Strike (Exotic),,
bbplus_zxphased,WEAPON,"A large experimental powered autocannon, firing eight-shot bursts of diffuse particle bolts. Anemic performance against armor or shielding, but devastating to bare hull.",General,,
#PLACEHOLDER,WEAPON,"""Why torment yourself saying, 'Eventually, someday?' How long have you been fighting with your thoughts clouded by that brand of sweet poison?""","- Nikolaev Revolutionary Council's public speech, before the liberation of Peremohy from the autocrat Mikhail IX",,
,,,,,
,,,,,
#SHIP SYSTEM,,,,,
bbplus_overwhelm,SHIP_SYSTEM,Transmits a command program and enemy combat data to the ship's fighter craft; it enables their support OS to execute real-time analysis that leads to devising more efficient tactics. This improves fighter accuracy and making their weapons more effective against the targeted ship. The command gives additional bonus speed and damage that applies only to Blade Breaker wings.,Offensive,Transmits a command program and enemy combat data to the ship's fighter craft; it enables their support OS to execute real-time analysis that leads to devising more efficient tactics. This improves fighter accuracy and making their weapons more effective against the targeted ship. The command gives additional bonus speed and damage that applies only to Blade Breaker wings.,
bbplus_sigmafocus,SHIP_SYSTEM,Allows the ship's Sigma capacitor to reach full output for a short duration. This increases the damage of energy type weapons by 65% for three seconds and improves RoF of energy weapons by 10% while reducing its range by 10%.,Offensive,Allows the ship's Sigma capacitor to reach full output for a short duration. This increases the damage of energy type weapons by 65% for three seconds and improves RoF of energy weapons by 10% while reducing its range by 10%.,
bbplus_emp,SHIP_SYSTEM,The dangerous discharges from the excess output of S-generator are weaponized and can be diverted towards closing hostile contacts and objects. These electrical surges deal EMP damage on hit and has a long intervals. ,Offensive,The dangerous discharges from the excess output of S-generator are weaponized and can be diverted towards closing hostile contacts and objects. These electrical surges deal EMP damage on hit and has a long intervals. ,
bbplus_sigmaflash,SHIP_SYSTEM,Overboosts the thrusters to gain a surge of speed towards any chosen direction.,Movement,Overboosts the thrusters to gain a surge of speed towards any chosen direction.,
bbplus_miragesigma_ftr,SHIP_SYSTEM,"A Blade Breaker version of MIRAGE fighter system, which is exclusively incorporated into the Battle Fairy. It retains the same functionality of the original system, that allows the ship to phase skimmed directly through hyperspace for evasion tactics.",Movement,"A Blade Breaker version of MIRAGE fighter system, which is exclusively incorporated into the Battle Fairy. It retains the same functionality of the original system, that allows the ship to phase skimmed directly through hyperspace for evasion tactics.",
bbplus_conquerorjets,SHIP_SYSTEM,Provides a boost of speed and faster turn rate acceleration that allows the ship to execute instantaneous zero-g stop and full-reverse maneuvers.,Movement,Provides a boost of speed and faster turn rate acceleration that allows the ship to execute instantaneous zero-g stop and full-reverse maneuvers.,
bbplus_bladedrive,SHIP_SYSTEM,Overcharges the engine to increase speed while being enveloped by Sigma enriched plasma that reduces incoming damage to armor and hull.,Movement,Overcharges the engine to increase speed while being enveloped by Sigma enriched plasma that reduces incoming damage to armor and hull.,
bbplus_breakerjets,SHIP_SYSTEM,Provides a massive burst of speed and maneuverability for a brief moment.,Movement,Provides a massive burst of speed and maneuverability for a brief moment.,
bbplus_sigmafield,SHIP_SYSTEM,Deploys a field of sigma particles that extends to certain radius. Ally ships within its range will receive a boost to its combat capabilities.,Support,Deploys a field of sigma particles that extends to certain radius. Ally ships within its range will receive a boost to its combat capabilities.,
bbplus_reservewing,SHIP_SYSTEM,Deploys replacement fighters that can fight for a short time before returning to the carrier. This can temporarily raise the number of deployed fighters above the maximum wing size including bombers.,Fighter,Deploys replacement fighters that can fight for a short time before returning to the carrier. This can temporarily raise the number of deployed fighters above the maximum wing size including bombers.,
,,,,,
,,,,,
#FACTION,,,,,
the_deserter_ex,FACTION,"Not much to be called a faction, they are an elusive group of Blade Breaker turncoats, who have been fortunate enough to escape the oppressive grasp of their enslavers and the shadowy Council of Five. Deserters of the Blade Breakers are a paranoid, secretive lot, content living silently away from the public eyes while still possessing mostly prototype designs of Blade Breaker vessels and poorly-understood Sigma Technology. However, that also comes at the cost of life, surviving encounters with their former masters are generally dangerous affairs and there are many stories in their community of atrocities and the genocidal Blade Breakers with their disturbing practice of brainworming AI. This crude, inhumane practice induces unquestionable and undying loyalty towards the Blade Breakers.

Most Deserters who escape are distinctively identified by white hair, a loss of color resulting from modifications and adverse effects to their bodies from said AI. However, not all Deserters share this appearance; some have avoided the grotesque fates to their bodies after such surgical implants.",,,
,,,,,
,,,,,
#PLANETS / STATIONS,,,,,
bbplus_planet_adimiron,CUSTOM,"An eerie, vermillion planet that is constantly being bathed by pulsar rays from its host neutron star. Adimiron once provided raw resources for the Blade Breakers, in order to further whatever objectives they had for this remote star system. ",,,
bbplus_planet_gamchicoth,CUSTOM,"A planetoid that was mercilessly mined by the Blade Breakers in the past, It appears that they used gargantuar planet-cracking vessels for their massive scale mining operations. Gamchicoth is now left as a plundered celestial body, devoid of any significance; slowly drifting away and regressing into a cluster of asteroids.",,"Gamchicoth is pelted by hundreds of asteroid every passing minute and swathed by the hot stream of pulsars. There's still remnants of worn out machineries from the post haste mining, floating aimlessly in its orbit.

The planet silently regresses, becoming smaller and smaller in the ravages of time...",
bbplus_planet_nahemoth,CUSTOM,"Nahemoth is an imposing, emerald planet that is the penultimate result of BCS-TYPE66 Sigma Bombing, that was conducted by Blade Breakers approximately a hundred cycles ago. The aftereffects are so astounding that it fabricated a pseudo-Sigma Event, almost identical to what has transpired in their home system; but isn't enough to be called Le Monde des Mille Couleurs - the enigmatic origin of the Sigma Event in the Lenze system.

Every so often, the planet opens up a new vista to the observers from its high orbit. Although staying near its proximity is not advisable, magnetic outbursts combined with the dimensional turbulence oozing out from Nahemoth is hazardous to poorly protected ships.",,"As you approach closer to the mysterious and yet enthralling jade planet, your operators warned you about the imminent danger for proceeding further. The blaring warning sound of your comms is an obvious sign that you must turn around immediately.",
bbplus_planet_thagirion,CUSTOM,"Aside from the seemingly inactive gate that were ""coincidentally"" constructed behind Thagirion, this unusual hellish planet appears to be a holder of tantamount volume of organic resources. Although the value it contains seems to be profitable, the hazardous environment and dangers that this planet possesses immediately invalidates whatever prospects or possible ventures it may create.",,,
bbplus_planet_gomaliel,CUSTOM,"Gomaliel is another generic gas giant, a celestial body commonly spotted throughout the Sector. If there is any importance that this gas giant can bring to the table, then it would be the copious wellspring of volatiles it contains. Even the most rabid siphoning operations of Blade Breakers before they abandoned the system was not enough to empty it. This leaves Gomaliel as a mountainous source of revenue to anyone who can claim it.",,,
,,,,,
bbplus_starkeep_sephira,CUSTOM,"A former Blade Breaker command center in the Qliphoth system, it was abandoned immediately after completing their Sigma-Bombing tests in Nahemoth. Strangely enough for some unknown reason, they left some of the equipment in pristine condition, but the data banks have since been completely wiped clean. 

Starkeep Sephira has since then been reclaimed and repurposed by Deserters to become a self-contained habitat. By being tidally locked behind the dark side of Nahemoth, these new inhabitants have constructed a special siphoning instrument to take advantage of Sigma particles discharged from Nahemoth's atmosphere. This gives them an almost infinite supply of power and fuel for their warships, while remaining extremely difficult to detect.",,"It is possible for strangers who carelessly approaches the Starkeep to get shot down by its orbital defenses, or if not, they get showered by suspicions and scrunity by the patrol fleets.

During their decisive escape, they happened to steal several exotic technologies from their former masters. These stolen technological marvels enables them to become a self sustaining colony. To avoid being located by the nefarious Blade Breakers, they chose the isolationist way of living; only allowing selected spacers from the outside whom they deem trustworthy enough to establish trade and business with.",
bbplus_bladebreaker_siphon,CUSTOM,"Before Qliphoth collapsed into neutron star, this hulking siphoning station was the primary producer of volatiles for the Blade Breakers. While it did not last long due to abruptly suspended operations after completing their enigmatic goals in this secluded system, this decaying derelict to this day still remains here as a monument of its former significance to the Blade Breakers.",,"The desolated station in its current form is a mess of frayed, exposed wires and hazardous elements are all over the place. After a thorough scanning, the result shows no blips of surviving life, however several equipment and machineries seemed to be operational. Another thing to note is that for some reason, the artificial gravity of this station are still intact and prevalent. The preliminary scans entails that there are few areas that should still be accessible.",
,,,,,
,,,,,
#MISCELLANOUS,,,,,
bbplus_data_chip,RESOURCE,A portable peripheral device containing an encrypted data and an automated executable program designed for a particular terminal. Its actual use is still yet to be ascertain.,,,
