{
	"companies":{

		"bbplus_mercNightRavens":{
			"name":"Night Ravens", #I swear, I am not influenced by Armored Core
			"desc":"An elite band of detached Blade Breaker deserters who are operating independently; they appear seemingly at random in various parts of the sector. While their origins are shrouded by mystery, the skills they hold are topnotch and has a track record of providing exceptional mercenary services. Additional information about their leader entails that she commands a modified prototype cruiser manufactured by the Blade Breakers.",
			"logo":"graphics/logos/bbplus_nightraven_merc_logo.png",
			"feeUpfront":250000,
			"feeMonthly":4000,
			"faction":"the_deserter_ex",
			"minRep":"SUSPICIOUS",
			"minLevel":6,
			"ships":[
				["bbplus_blacklancer_proto_nr_test"],
				["bbplus_sunder_nr_spt"],
				["bbplus_ifrit_old_nr_std"],
				#["istl_crasher_std", "istl_slammer_std",], #This is too much
			],
			"officers":[
				{
					"firstName":"Aselia", #BBD merc waifu no.1
					"lastName":"Griffith",
					"gender":"f",
					"level":11,
					"portrait":"graphics/portraits/characters/mercenaries/aselia_portrait.png",
					"rankId":"bbplus_merc_leader",
					"persistentId":"nex_mercNightRavenLeader",
					"skills":{
							######Unique Breaker Skills#######
							"bbplus_breaker_ops":2,
							"bbplus_breaker_tenacity":2,
							"bbplus_breaker_shield_systems":2,
							##################################
							#"helmsmanship":1,
							"target_analysis":2,
							#"strike_commander":2,
							#"point_defense":2,
							#"phase_mastery":2,
							#"impact_mitigation":1,
							"ranged_specialization":1,
							"shield_modulation":2,
							"systems_expertise":2,
							"missile_specialization":1,
							#"gunnery_implants":1,
							"energy_weapon_mastery":2,
							"damage_control":1,
							#"reliability_engineering":2,
							},
				},
				{
					"firstName":"Rien", #BBD merc waifu no.2
					"lastName":"Daimus",
					"gender":"f",
					"level":7,
					"portrait":"graphics/portraits/characters/mercenaries/rien_portrait.png",
					"rankId":"bbplus_merc_member",
					"persistentId":"nex_mercNightRavenMember1",
					"skills":{
							#7 Elite Skills
							######Unique Breaker Skills#######
							"bbplus_breaker_ops":1,
							"bbplus_breaker_tenacity":2,
							"bbplus_breaker_shield_systems":2,
							##################################
							#"helmsmanship":2,
							"target_analysis":2,
							#"strike_commander":2,
							#"point_defense":2,
							#"phase_mastery":2,
							"impact_mitigation":2,
							#"ranged_specialization":2,
							#"shield_modulation":2,
							#"systems_expertise":2,
							"missile_specialization":2,
							"gunnery_implants":2,
							#"energy_weapon_mastery":2,
							#"damage_control":2,
							#"reliability_engineering":2,
							},
				},
				{
					"firstName":"Leonhard", #Some smug motherfucker
					"lastName":"Windsor",
					"gender":"m",
					"level":7,
					"portrait":"graphics/portraits/characters/mercenaries/leonhard_portrait.png",
					"rankId":"bbplus_merc_member",
					"persistentId":"nex_mercNightRavenMember2",
					"skills":{
							#7 Elite Skills
							######Unique Breaker Skills#######
							"bbplus_breaker_ops":1,
							"bbplus_breaker_tenacity":2,
							"bbplus_breaker_shield_systems":2,
							##################################
							"helmsmanship":2,
							"target_analysis":2,
							#"strike_commander":2,
							#"point_defense":2,
							#"phase_mastery":2,
							"impact_mitigation":2,
							#"ranged_specialization":2,
							#"shield_modulation":2,
							"systems_expertise":2,
							#"missile_specialization":2,
							#"gunnery_implants":2,
							#"energy_weapon_mastery":2,
							#"damage_control":2,
							#"reliability_engineering":2,
							},
				},
			],
			"noAutofit":true,
			#"extraFP":30,
			#"averageSMods":3,
			#"pickChance":0.75,
			"miscData":{
				"angeredByInsults":true,
				"ignoreMarketRelationship":true,
			},
		},
	
	}
}