{
	"id":"bb_plus",
	"name":"Blade Breaker Plus",
	"author":"Mayu",
	"utility":"false",
	"version":"1.0",
	"description":"Blade Breaker Plus v1.0 - [Requires: Dassault-Mikoyan Engineering] \n\nWith the permission of Harmful Mechanic, I am allowed to share this small ship pack. A fanmade mod for DME that adds small selection of cursed kitbashed ships for Blade Breakers and BB Deserters. And also to ruin your experience.",
	"gameVersion":"0.95a-RC15",
	"jars":["jars/BBPlus.jar"],
	"modPlugin": "data.scripts.BBPlusPlugin",
	"dependencies": [
        {
            "id": "istl_dassaultmikoyan",
            "name": "Dassault-Mikoyan Engineering",
            #"version": "1.51a"
        },
    ],	
}
