{
	# should be a copy of "combatSmall", minus variants that are annoying to fight in low numbers
	# for example, no Hyperions or fast beam-based kiting loadouts, or ships with damper field
	"civilianRandom":{
		"bbplus_caprice_voyage":1,
	},
	"combatSmallForSmallFleet":{
		"bbplus_reprise_escort":1,
		"bbplus_reprise_spt":1,
		"bbplus_kite_std":2,
		"bbplus_kite_strike":2,
		"bbplus_kite_escort":2,
		"bbplus_kite_interceptor":2,
		"bbplus_ifrit_old_std":2,
		
		"bbplus_ifrit_old_nr_std":1, #Merc
	},
	"combatSmall":{
		"bbplus_reprise_escort":1,
		"bbplus_reprise_spt":1,
		"bbplus_kite_std":3,
		"bbplus_kite_strike":2,
		"bbplus_kite_escort":3,
		"bbplus_kite_interceptor":2,
		"bbplus_ifrit_old_std":3,
		
		#"bbplus_ifrit_old_nr_std":1, #Merc
	},
	"combatMedium":{
		"bbplus_asymptote_exp":1,
		"bbplus_asymptote_proto":1,
		"bbplus_falcon_std":5,
		"bbplus_falcon_ass":5,
		"bbplus_falcon_elite":3,
		"bbplus_sunder_std":2,
		"bbplus_sunder_spt":2,
		
		#"bbplus_sunder_nr_spt":1, #Merc
	},
	"phaseMedium":{
		"bbplus_bladestalker_std":1,
		"bbplus_bladestalker_strike":1,
		"bbplus_bladestalker_hunter":1,
		"bbplus_bladestalker_prowler":1,		
	},
	"combatLarge":{
		"bbplus_baikal_spt":1,
		"bbplus_baikal_ass":1,
		#"bbplus_blacklotus_elite":0.5,
		#"bbplus_blacklotus_spt":0.5,
		
		"bbplus_blacklancer_proto_test":1, #Should be limited; a merc special.
		#"bbplus_blacklancer_proto_nr_test":1, #Merc
	},
	"carrierMedium":{
		"bbplus_blacklotus_elite":1,
		"bbplus_blacklotus_spt":1,
	},	
	"carrierLarge":{
		"bbplus_alter_fallen":1,
	},
	"combatCapital":{
		#"bbplus_onslaught_carnage":0.1,
		#"bbplus_onslaught_elite":0.1,
		"bbplus_conquest_barrage":1,
		"bbplus_conquest_elite":5,
	},
	"personnelMedium":{
		"bbplus_incision_std":5,
		"bbplus_incision_cbt":3,
	},
	"tankerLarge":{
		"bbplus_griever_std":5,
		"bbplus_griever_cbt":3,
	},
	"crig":{
		"bbplus_shepherd_std":1,
		"bbplus_shepherd_frontier":1,
		"bbplus_caprice_voyage":1,
	},
	"utility":{
		"bbplus_shepherd_frontier":1,
		"bbplus_caprice_voyage":2,
	},
	"freighterLarge":{
		"bbplus_portend_std":5,
		"bbplus_portend_cbt":3,
	},
	"combatFreighterLarge":{
		"bbplus_venture_spt":4,
		"bbplus_venture_std":5,
		"bbplus_venture_explorer":2,
	},

}