{
	"ranks":{
		#Starkeep Sephira
		"bbplus_vice_commander":{"name":"Vice Commander"},
		"bbplus_head_of_operations":{"name":"Head of Operations"},
		"bbplus_chief_researcher":{"name":"Chief Researcher"},
		
		#Bounties
		"bbplus_executioner":{"name":"Blade Breaker Executioner"},
		"bbplus_witch":{"name":"Witch of Martinique"},
		
		#Mercenaries
		"bbplus_merc_leader":{"name":"Flock Master"},
		"bbplus_merc_member":{"name":"Night Raven Officer"},
	},
	
	"posts":{
		#Starkeep Sephira
		"bbplus_vice_commander":{"name":"Vice Commander"},
		"bbplus_head_of_operations":{"name":"Head of Operations"},
		"bbplus_chief_researcher":{"name":"Chief Researcher"},
		
		#Bounties
		"bbplus_executioner":{"name":"Blade Breaker Executioner"},
		"bbplus_witch":{"name":"Witch of Martinique"},
		
		#Mercenaries
		"bbplus_merc_leader":{"name":"Flock Master"},
		"bbplus_merc_member":{"name":"Night Raven Officer"},
	},
}
