id,Column 02,Column 03
# NOTES,,
# Ship IDs entered here will be allowed for duplication.,,
"# ""This feature is very hard to get working in campaign as a player", and lorewise," allows for duplication of even the most complex hulls."""
bbplus_reprise,,
bbplus_caprice,,
bbplus_incision,,
bbplus_griever,,
bbplus_portend,,
bbplus_shepherd,,
bbplus_kite,,
bbplus_sunder,,
bbplus_venture,,
bbplus_falcon,,
bbplus_conquest,,
# Specials - these are optional. They could go away if people complain about them being available. If you think they shouldn't be available, remove them.,
bbplus_bladestalker,,