{
	"name":"Roland Thermidor",
	"personalities":["aggressive"],
	"gender":["m"],
	"chance":0,
	"talkativeness":1.5,
	"categoryTags":["original"],
	
	"lines":{
	
		"start":[
			{"text":"They will forfeit their lives here."},
			{"text":"I have control. Operation start."},
			{"text":"Main system engaging combat mode."},
		],
		
		"start_boss":[
			{"text":"What an imposing foe..."},
			{"text":"To face such adversity... That's more like it!"},
		],
		
		"retreat":[
			{"text":"Switching to tactical retreat. Remain steadfast, captain."},
			{"text":"Orders received. Leaving the battlefield."},
		],
		
		"out_of_missiles":[
			{"text":"We are out of missiles."},
			{"text":"Missiles depleted!"},
		],

		"engaged":[
			{"text":"Roland Thermidor, striking down the targets!"},
			{"text":"Knocked the rust off yet?"},
			{"text":"Eliminating the targets!"},
		],

		"need_help":[
			{"text":"This is nothing. I shall push through!"},
			{"text":"Not bad for a scoundrel."},
		],

		"pursuing":[
			{"text":"They are not getting away."},
			{"text":"They are mine and they will die here."},
		],

		"running":[
			{"text":"Do you think you can keep up?"},
		],

		"hull_90":[
			{"text":"Hull breach detected."},
			{"text":"Minor damage in hull. This is nothing."},
		],

		"hull_50":[
			{"text":"The real fun begins now. I'll shoot you down all!"},
		],

		"hull_30":[
			{"text":"Is that all? Come on! SHOW ME MORE!"},
		],

		"overload":[
			{"text":"Unexpected system overload."},
			{"text":"System overload. We require assistance."},
		],

		"death":[
			{"text":"I have no regrets serving someone like you, captain."},
			{"text":"Death is just the beginning!"},
		],
		
		"victory":[
			{"text":"All targets has been utterly destroyed."},
			{"text":"This conclusion was expected from the start."},
			{"text":"Their meager resistance are truly pathetic."},
		],
	}
	
}
