id,name,cost mult,build time,income,upkeep,downgrade,upgrade,tags,data,image,plugin,desc,order,disruptDanger
bbplus_food_processor,Bio Fabricator Complex,50,50,,12,,,"industry, unraidable, rural",,graphics/icons/industry/bbplus_food_processor.png,data.campaign.econ.industries.bbplus_food_processor,Raw materials that came from the hydroponics and Bio-Replicator pods will be further processed by an enormous production complex; the end product will become more suitable for human consumption. Another remarkable piece of technology that was stolen from the Blade Breakers by their elusive deserters.,201,HIGH
bbplus_deserter_hq,Deserters HQ,90,120,,10,,,"structure, unraidable, tactical_bombardment",,graphics/icons/industry/bbplus_deserter_hq.png,data.campaign.econ.industries.bbplus_deserter_hq,"The center point of operations and logistics that held this self-contained habitat together and responsible for organizing a capable military force. In order to keep the isolated colony operational and adequately staffed, the HQ also provides a rigorous crew training program for its inhabitants. 

By using the stolen Blade Breaker tech and manufactories, they made several constructs that allows the isolated habitat to become a self sustaining colony, even in the absence of active trade spacelanes.",2500,EXTREME
#Player available,,,,,,,,,,,,,,
bbplus_deserter_outpost,Deserters Outpost,90,180,,15,,,"patrol, unraidable, tactical_bombardment, structure",,graphics/icons/industry/bbplus_outpost_deserters.png,data.campaign.econ.industries.bbplus_deserter_outpost,"A fortified outpost of elite Blade Breaker Deserters that was given a permission to operate within its allied territories. Bringing highend Sigma Tech equipment and arsenals with them, they serve as a scrupulous and dutiful patrol task force that provides additional security and defenses to the colony.",2650,EXTREME
