name,id,planetary,decivRemove,script,desc,icon,order
Sigma Irradiated,bbplus_sigmairradiated,TRUE,,com.fs.starfarer.api.impl.campaign.econ.BaseHazardCondition,The aftermath of intense Sigma Bombing has left $market into a jade-colored inhospitable hellscape.,graphics/icons/market/bbplus_sigma_irradiated.png,1
Dimensional Turbulence,bbplus_spatial_turbulence,TRUE,,com.fs.starfarer.api.impl.campaign.econ.BaseHazardCondition,"A storm of dimensional brane fractures and twisted space-time. All but the hardiest, most advanced ships will take damage if they remain within it for any length of time.",graphics/icons/market/bbplus_dimensional_turbulence.png,5
Cracked Planet,bbplus_cracked_planet,TRUE,,data.scripts.campaign.econ.bbplus_cracked_planet,Both the inner and surface of this planet are severely plundered. Any kind of resources it may hold are no longer present.,graphics/icons/market/bbplus_cracked_planet.png,3
,,,,,,,
Starkeep Bastion,bbplus_orbital_station,TRUE,,data.scripts.campaign.econ.bbplus_orbital_station,This reclaimed Blade Breaker station contains a high-end assembly matrix that improves the quality of produced warships to $market while being protected by an array of formidable orbital defenses.,graphics/icons/market/bbplus_orbital_station.png,10
Closed Door Protocols,bbplus_closed_door,,TRUE,data.scripts.campaign.econ.bbplus_closed_door,"The Blade Breaker Deserters are wary of the outsiders and doesn't welcome the idea of permanent settlers from the outside. Strangers that stumbles upon $market will fall into deep scrunity if they desire to do business.

Residents are in a perpetual state of alert; they will take arms when the situation calls for it. Military personnel patrols the vicinity around the clock which increases the stability and security of the colony.",graphics/icons/market/bbplus_closed_door_protocols.png,1205
