id,trigger,conditions,script,text,options,notes
,,,,,,
#Fleet Greetings,,,,,,
GreetingBBDesertersFriendly,OpenCommLink,"$faction.id == the_deserter_ex
$faction.friendlyToPlayer","$menuState = fleetConvMain 0
FireAll PopulateOptions","""Well met friend, it appears that everything is in order. Let us know if you ever require an assistance; our fleet will be more than happy to aid you.""
OR
The fleet's $personRank appears in the comm screen and salutes you.

""Greetings $playerName, we will be in our way. Don't let your guard down.""
OR
""It's good to see you around. Our fleet will resume the patrol duty, safe travels.""",,
GreetingBBDesertersHostileWeaker,OpenCommLink,"$faction.id == the_deserter_ex
$entity.isHostile
$entity.relativeStrength <0","$menuState = fleetConvMain 0
FireAll PopulateOptions","""We fought and freed ourselves from the evil grasps of the Blade Breakers, if we are going down, then we will fight you as well until the bitter end!""
OR
""This could be the day that we meet our demise... but even so, we will perish as a free men.""",cutCommLink:Cut the comm link,
GreetingBBDesertersHostileWeakerDefiant,OpenCommLink,"$faction.id == the_deserter_ex
$entity.isHostile
$entity.relativeStrength <0
$entity.weakerThanPlayerbutHolding",$ignorePlayerCommRequests = true 1,"""It appears that you have outnumbered us... we might bend but we will not break!""
OR
""Freedom or death, we will not go down without a fight. Let's settle this once and for all!""
OR
""You are indeed formidable. However, we shall defy fate and cleave through the odds!""",cutCommLink:Cut the comm link,
GreetingBBDesertersHostileStronger,OpenCommLink,"$faction.id == the_deserter_ex
$entity.isHostile
$entity.relativeStrength >=0",$ignorePlayerCommRequests = true 1,"""You have been identified as a threat; you will rue the day you ever crossed us. Target confirmed - Commencing hostilities!""
OR
""If you will not concede then accept your fate quietly. I shall personally release you from your mortal coil.""",cutCommLink:Cut the comm link,
GreetingBBDesertersNeutral,OpenCommLink,"$faction.id == the_deserter_ex
$faction.neutralToPlayer","$menuState = fleetConvMain 0
FireAll PopulateOptions","""Speak briefly and make it fast; we don't have time for paltry chatter.""
OR
""Yes, you are cleared and has been identified as non-hostile contact. Move along now.""
OR
Your screen flickers, and the seemingly annoyed $personName appears as the comm channel stabilizes.

""You are speaking to Squadron Captain $personName, state your purpose for establishing this comm-link.""",cutCommLink:Cut the comm link,
,,,,,,
#Faction Relation Descriptions,,,,,,
#You are not supposed to see this,,,,,,
#Unless you forcibly gave them a market,,,,,,
#burning autism made me do this,,,,,,
relLevelNeutralBBDeserters,RelationshipLevelDesc,"$faction.rel == NEUTRAL
$faction.id == the_deserter_ex",,"You are as much an enigma to the Deserters as they are to you, for better or for worse. They treat you with as much careful optimism as most independent captains and spacers, but you won't have access to much and they otherwise remain secretive beyond basic interaction.",,
relLevelFavorableBBDeserters,RelationshipLevelDesc,"$faction.rel == FAVORABLE
$faction.id == the_deserter_ex",,The Deserters have come to trust you slightly more than most spacers and are more than a little curious as to your intentions. They are willing to grant you access to low-grade surplus equipment and are far less likely to question you if investigating hostile parties.,,
relLevelWelcomingBBDeserters,RelationshipLevelDesc,"$faction.rel == WELCOMING
$faction.id == the_deserter_ex",,The Deserters have come to know you more and have decided you are trustworthy enough to have greater access to their surplus and government. They are more likely to assist you in your endeavors and have no qualms with staying out of your way as long as you maintain their trust and secrecy.,,
relLevelFriendlyBBDeserters,RelationshipLevelDesc,"$faction.rel == FRIENDLY
$faction.id == the_deserter_ex",,"You are well known to your Deserter contacts, either in person, or by reputation in their ports, facilities and to their fleet captains. The Deserters are fully trusting of you and are more than happy to grant you access to most of their ports and facilities, including high-grade surplus equipment. Most smaller functionaries will keep clear and stay out of your way but remain as allies.",,
relLevelCooperativeBBDeserters,RelationshipLevelDesc,"$faction.rel == COOPERATIVE
$faction.id == the_deserter_ex",,"You have been introduced to their leadership and know them by name and reputation. The Deserters fully trust you and are now some of your best allies in the Sector. You are additionally privy to their secrets, tactical operations and aspirations and they will grant you concessions to their best weapons and warships available.",,
relLevelSuspiciousBBDeserters,RelationshipLevelDesc,"$faction.rel == SUSPICIOUS
$faction.id == the_deserter_ex",,"The Deserters are less trusting of you than most others, and only grudgingly allow you access to their ports of call. They are not prepared to deal with you yet, but their patrols will most certainly track your movements. They are watching.",,
relLevelInhospitableBBDeserters,RelationshipLevelDesc,"$faction.rel == INHOSPITABLE
$faction.id == the_deserter_ex",,"The Deserters are openly distrustful of you. Their ports are closed to you and they have no intention of allowing you any rest, as their fleets seem to be on a mission to make your life miserable. It is possible you could return to their good graces, but it's going to take considerable effort on your part.",,
relLevelHostileBBDeserters,RelationshipLevelDesc,"$faction.rel == HOSTILE
$faction.id == the_deserter_ex",,"You have become notorious for engaging their forces and the Deserters no longer see you as a friendly agent. You are essentially at war with them and their fleets will attack you on sight. It is possible you could redeem yourself, but it's going to take a massive amount of work and effort before they ever trust you again.",,
relLevelVengefulBBDeserters,RelationshipLevelDesc,"$faction.rel == VENGEFUL
$faction.id == the_deserter_ex",,"You have become infamous for hunting down their fleets, and the Deserters see you with little more open hatred than they do with their former Blade Breaker enslavers. A holo IDENT hash of your face and last known fleet composition is present in their ports and their leadership are wholly dedicated to eliminating you to maintain their secrecy and survival.",,
,,,,,,
#Market Flavortext,,,,,,
marketPostOpenToOffSneakBBDeserters,MarketPostOpen,"$faction.id == the_deserter_ex
$market.id == deserter_starkeep
$hasMarket
!$player.transponderOn
!$faction.c:allowsTransponderOffTrade
!$market.mc:free_market","$tradeMode = SNEAK 0
FireBest MarketPostDock","Your $shipOrFleet goes into orbit around $market, as your transponder is turned off, the port authorities prevents you from reaching the innermost part of the colony.

It appears that the port security spares no quarters to those who approach without proper docking clearance. If you wish to proceed and conduct any form of trade, you need to pull back and return again with your transponder on.",,
flavorTextMarketBBDeserters,TradePanelFlavorText,"$global.tradePanelMode == MARKET
$faction.id == the_deserter_ex
$market.id == deserter_starkeep","AddText ""An unwelcoming atmosphere in designated market area of habitat is apparent; locals seem to treat all outsiders with suspicion. Guards and other security forces are meticulous, diligent and always prepared to respond to whatever situation might have arisen within the premises. Among the shops you see, the ones that stand out happen to sell wide variety of personal weapons and ship armaments. Few kiosks sell provisions and other goods required by the populace."" marketFlavorTextColor",,,
,,,,,,
#Bar Interaction,,,,,,
bar_descBBDeserters,BarPrintDesc,"$faction.id == the_deserter_ex
$market.id == deserter_starkeep",ShowImageVisual sephira_bar,"You take the shuttle and tell the pilot to find an establishment frequented by spacers like you. Pilot obeys and quickly, yet gently lands the shuttle in designated space close to the building.

Building itself is not so spacious, but it looks welcoming. Someone clearly cares about this place. Passing through the entrance, elegant and well-kept interior welcomes you. This feeling is somewhat dulled by presence of armed guards positioned in key positions, keeping a close eye on some of the clients. You notice off-duty guards and other station's personnel among the clientele, drinking to ease off their worries and talking amongst themselves. There are independent spacers like yourself as well, though there is only very few of them here.

You go further in, take the unoccupied chair at the counter and order a drink. You subtly look around the place while the bartender is making your drink. More patrons seem to be coming in.",,
,,,,,,
#Deserter's leader interaction,,,,,,
defaultGreetingMelva,PickGreeting,"$isPerson
$id == bbplus_melva
$personFaction.id == the_deserter_ex
$market.id == deserter_starkeep","#ShowPersonVisual
#FireAll PopulateOptions
SetShortcut cutCommLinkPolite ""ESCAPE""","A monotonous-sounding automated voice speaks through the comm link.

""Thank you for waiting, please be advised that a direct line to the Head of Operations is unavailable to the public. Should you have concerns or important matters to address, kindly contact our station officer."" 

After hearing that message you get redirected to a different comm line.","cutCommLink:Cut the comm link
melvaOffice_talk:""I want to talk to Melva Hawthorne.""
#melvaOffice_human:""Let me speak to a human.""",
melvaOfficeTalk,DialogOptionSelected,$option == melvaOffice_talk,,"""Yes, you are directly speaking to the secretary of Head of Operations. Please state your business.""

The secretary's tone sounded annoyed the moment she realized you don't have any kind of appointment with her superior.

""After checking your information, it says here that you don't have any scheduled appointment. Unfortunately, we don't allow anyone without a set appointment to contact our Head of Operations.""

She cuts the comm link before you get to say anything.",cutCommLink:Cut the comm link,
#END Melva Dialogue,,,,,,
,,,,,,
#Gemie - Sephira Labs Researcher,,,,,,
"#with VNSector features, courtesy of sn33dpriest",,,,,,
#Gemie Greetings,,,,,,
defaultGreetingGemie,PickGreeting,"$isPerson
$id == bbplus_gemie
$personFaction.id == the_deserter_ex
$market.id == deserter_starkeep","ShowPersonVisual
FireAll PopulateOptions
SetShortcut cutCommLinkPolite ""ESCAPE""","""Comms established, this is the chief staff of Sephira research labs. As you can see, I am pretty busy so this better be good or else.""
OR
""State your purpose immediately; I don't have time for an idle chatter.""
OR
""Do you require something from me? If you have time to idly chat, you might as well make yourself useful and do something worth of my attention. Collecting Sigma Matter and bringing it here for example.""
OR
""What brings you to me? If you don't have business with me then don't waste my precious time.""",1:cutCommLink:Cut the comm link,
defaultGreetingGemieFavorable,PickGreeting,"$isPerson
$id == bbplus_gemie score:1000
BBPlusRelationCheck 10 25","ShowPersonVisual
FireAll PopulateOptions
SetShortcut cutCommLinkPolite ""ESCAPE""","""I'm not a good talker, and I don't like chitchat as it's too tiresome for me. I don't want to deal with anyone, as much it is possible.""

""I am not talking about you though, and besides, you are becoming more helpful to me rather than a bother. That being said, let's get down to business.""
OR
""Who is it this time? Ah, $playerName. I hope you have Sigma Matter because I need it right now.""",1:cutCommLink:Cut the comm link,
defaultGreetingGemieWelcoming,PickGreeting,"$isPerson
$id == bbplus_gemie score:1000
BBPlusRelationCheck 25 50","ShowPersonVisual
FireAll PopulateOptions
SetShortcut cutCommLinkPolite ""ESCAPE""","""Oh hey $playerName, it's you again. If you meet someone who wants to die, bring them to me. I can never have enough test subjects for my experiments.""

""It's a win-win for both of us.""
OR
""Ah $playerName, there you are, perfect timing. I require Sigma Matter and I need copious amount of it right now.""

""I presume you got at least one... right? Right?!""",1:cutCommLink:Cut the comm link,
defaultGreetingGemieFriendly,PickGreeting,"$isPerson
$id == bbplus_gemie score:1000
BBPlusRelationCheck 50 75","ShowPersonVisual
FireAll PopulateOptions
SetShortcut cutCommLinkPolite ""ESCAPE""","""Finally, you're here. I wasn't waiting for you, though.""
OR
""Hello there $playerName, how's it going? Got any news? I prefer listening to the good ones rather than bad.""
OR
""Hi $playerName, I'm pleased to see you! How can I be of service to you today?""",1:cutCommLink:Cut the comm link,
defaultGreetingGemieCooperative,PickGreeting,"$isPerson
$id == bbplus_gemie score:1000
BBPlusRelationCheck 75 100","ShowPersonVisual
FireAll PopulateOptions
SetShortcut cutCommLinkPolite ""ESCAPE""","""Ah, I've been waiting for you, $playerName. I have some very interesting research results to share- Huh? I wasn't waiting for you that much. Absolutely not!""
OR
""Hello $playerName, I'm glad to see you back. I would like to inform you that my previous experiments were completed with tremendous success; it's all thanks to you.""

""But that doesn't mean I don't need Sigma Matter anymore. I require them even more so now, so don't stop providing!""",1:cutCommLink:Cut the comm link,
defaultGreetingGemieHostile,PickGreeting,"$isPerson
$id == bbplus_gemie score:1000
BBPlusRelationCheck -100 -10","ShowPersonVisual
FireAll PopulateOptions
SetShortcut cutCommLinkPolite ""ESCAPE""","""You are a waste of organic matter. Get out of my sight or I will summon the security.""",0:cutCommLink:Cut the comm link,
,,,,,,
#Gemie Chatter,,,,,,
gemieChatterDefault,PopulateOptions,"$isPerson
$id == bbplus_gemie score:1000
BBPlusRelationCheck 0 10",,,0:gemieChatDefault:<Chat>,
gemieChatterDefaultChat,DialogOptionSelected,$option == gemieChatDefault,,... (Clearly she's not interested in chatting.),cutCommLink:Cut the comm link,
gemieChatterFavorable,PopulateOptions,"$isPerson
$id == bbplus_gemie score:1000
BBPlusRelationCheck 10 25",,,0:gemieChatFavorable:<Chat>,
gemieChatterFavorableChat,DialogOptionSelected,$option == gemieChatFavorable,,"""I'm not sure if you are aware of this but we are in contact with Dassault-Mikoyan and we've been exchanging information pertaining to the Blade Breakers.""

""Although they are still wary of us which is pretty understandable, they are amicable when it comes to working against a common foe. The enemy of my enemy is my friend I guess?""

""I send them data of my research regarding Sigma Matter and in return, they give me whatever I request, as long as it is not unreasonable that is. One of these requests are their fighter combat data which I attempted to integrate with our technology. Those people in SNRI Labs perform their job really well.""
OR
""I once made an unexpected discovery in one of my experiments. I was so excited that I forgot what I had to do. You might find my profession boring but for me, being a researcher is an adventure itself and I love unraveling the unknown.""
OR
""Too much friendliness is as bad as too much hostility. Let's keep a healthy distance between us, at least for now.""",cutCommLink:Cut the comm link,
gemieChatterWelcoming,PopulateOptions,"$isPerson
$id == bbplus_gemie score:1000
BBPlusRelationCheck 25 50",,,0:gemieChatWelcoming:<Chat>,
gemieChatterWelcomingChat,DialogOptionSelected,$option == gemieChatWelcoming,,"""My current project is to optimize this particular prototype phase cruiser. I have conducted several tests to its Hexcoils and most of the results turned out less disappointing.""

""Maybe if you bring me more Sigma Matter then it would improve my future testings.""
OR
""I'm sleepy, but it's not my bedtime just yet. I have to write down all my ideas and save it in a log file for later. Good researchers keep a good daily routine and meticulous records of even the most insignificant ideas. You should do that too.""

""Then again, you're a spacer, not a researcher.""",cutCommLink:Cut the comm link,
gemieChatterFriendly,PopulateOptions,"$isPerson
$id == bbplus_gemie score:1000
BBPlusRelationCheck 50 75",,,0:gemieChatFriendly:<Chat>,
gemieChatterFriendlyChat,DialogOptionSelected,$option == gemieChatFriendly,,"""I am suffering from lack of sleep, but I cannot afford to slow down, as I am on the verge of breakthrough in my research.""
OR
You noticed Gemie looks bemused and appears to be grumbling over something.

""I can't seem to get the appropriate formula and measurement to enable a constant stable telemetry for a cluster of low-grade Sigma Matter. They always break and corrode at certain synchronizing point...""

She stops talking as soon as she realizes you are watching her.

""Ah, hello $playerName! My apologies, I felt I have hit yet another bump in my research. Don't worry about it, there are no challenges I cannot overcome.""
OR
""I can tell you have many questions for me. I'd love to answer them, but I have to focus on my research for now. Maybe next time.""",cutCommLink:Cut the comm link,
gemieChatterCooperative,PopulateOptions,"$isPerson
$id == bbplus_gemie score:1000
BBPlusRelationCheck 75 100",,,0:gemieChatCooperative:<Chat>,
gemieChatterCooperativeChat,DialogOptionSelected,$option == gemieChatCooperative,,"""Oh, are you tired? You don't look well. You'd better rest before you leave. Sometimes a tiny mistake leads to a huge catastrophe.""
OR
""Take care of yourself out there. Okay?""",cutCommLink:Cut the comm link,
,,,,,,
#Gemie Sigma Matter Trade,,,,,,
gemieSigmaMatters_turnInOption,PopulateOptions,"$isPerson
$id == bbplus_gemie
SigmaMatterTrader personCanAcceptSigmaMatters
$personFaction.id == the_deserter_ex
$market.id == deserter_starkeep",FireBest DisableTurnInSigmaMattersOptionIfNeeded,,"10:sigmaMatters_startTurnIn:""I have Sigma Matter for you.""",
gemieSigmaMatters_disableTurnInOption,DisableTurnInSigmaMattersOptionIfNeeded,"!SigmaMatterTrader playerHasSigmaMatters
","SetTooltip sigmaMatters_startTurnIn ""You do not have any Sigma Matter in your possession.""
SetEnabled sigmaMatters_startTurnIn false",,,
gemieSigmaMatters_turnInOptionSelGeneric,DialogOptionSelected,$option == sigmaMatters_startTurnIn,FireAll PopulateSigmaMattersTurnInOptions,"""Indeed, you seem to have some. That thing is paramount to my research and it is then more useful to us here than it is to you. I will also pay you handsomely for bringing it to me.""
OR
""A wise decision, do you understand how important and valuable these things are? If I were explain it to you, it will take us a whole day or two, and I don't have the luxury of time to do that.""

""So I will just summarize this for you. I get those Sigma Matter and you get credits from me.""",,
gemieSigmaMatters_turnInOptionSelFavorable,DialogOptionSelected,"$id == bbplus_gemie score:1000
BBPlusRelationCheck 10 100
$option == sigmaMatters_startTurnIn",FireAll PopulateSigmaMattersTurnInOptions,"""Oh, you brought those things again. Very well, I will take them from your hands.""
OR
""Those precious samples deserve to be studied by me. Well done, now send them over.""",,
gemieSigmaMatters_turnInOptionSelWelcoming,DialogOptionSelected,"$id == bbplus_gemie score:1000
BBPlusRelationCheck 25 100
$option == sigmaMatters_startTurnIn",FireAll PopulateSigmaMattersTurnInOptions,"""Good work $playerName, I am starting to like you now. Just so you know, my research are always in need for those things.""

""Keep collecting Sigma Matter and send them to me.""",,
gemieSigmaMatters_turnInOptionSelFriendly,DialogOptionSelected,"$id == bbplus_gemie score:1000
BBPlusRelationCheck 50 100
$option == sigmaMatters_startTurnIn",FireAll PopulateSigmaMattersTurnInOptions,"""Your diligence in delivering Sigma Matter is truly commendable.""

""I honestly appreciate your efforts for doing this. Now $playerName, hand them over!""
OR
""You never fail my expectations. Keep it up and keep sending those brilliant things to me.""",,
gemieSigmaMatters_turnInOptionSelCooperative,DialogOptionSelected,"$id == bbplus_gemie score:1000
BBPlusRelationCheck 75 100
$option == sigmaMatters_startTurnIn",FireAll PopulateSigmaMattersTurnInOptions,"""C'est magnifique! I knew that you will never disappoint me. You are the only reliable person who I can rely on when it comes to procuring Sigma Matter.""

""Okay then, please send them over.""",,
gemieSigmaMatters_playerHasOption,PopulateSigmaMattersTurnInOptions,,,,0:sigmaMatters_selectSigmaMatters:Select Sigma Matter to turn in.,
gemieSigmaMatters_neverMindOption,PopulateSigmaMattersTurnInOptions,,,,"100:sigmaMatters_neverMind:""Never mind, I don't actually have any.""",
gemieSigmaMatters_neverMindOptionSelected,DialogOptionSelected,$option == sigmaMatters_neverMind,FireAll PopulateOptions,,,
gemieSigmaMatters_turnInOptionSelected,DialogOptionSelected,"$option == sigmaMatters_selectSigmaMatters
SetTextHighlights sigmaMatters_selectSigmaMatters",SigmaMatterTrader selectligma,,,
gemieSigmaMatters_turnInResponseDefault,SigmaMattersTurnedIn,,FireAll PopulateOptions,"""Anything else you need? No? Goodbye it is then.""",,
gemieSigmaMatters_turnInResponseAlternative1,SigmaMattersTurnedIn,"$id == bbplus_gemie score:1000
BBPlusRelationCheck 15 49",FireAll PopulateOptions,"Her annoyed demeanor switches to visible excitement upon receiving the package.

The $PersonRank formally thanks you, and hurriedly goes back to her research.
OR
""Thank you, these are truly useful to my research.""",,
gemieSigmaMatters_turnInResponseAlternative2,SigmaMattersTurnedIn,"$id == bbplus_gemie score:1000
BBPlusRelationCheck 50 100",FireAll PopulateOptions,"""Thank you very much! Rest assured that I will put them into good use.""",,
,,,,,,
,,,,,,
#Gemie's Special Interactions,,,,,,
relLevelGemieFavorable,PopulateOptions,"$isPerson
$id == bbplus_gemie score:1000
BBPlusRelationCheck 10 100
!$GemiePresent0",,,"2:BBPReward0:""What are you doing with the Sigma Matter you received?""",
BBPReward0,DialogOptionSelected,"$option == BBPReward0
!$GemiePresent0",,"""That is a strange question- no, rather it was a good one. I wasn't expecting you to ask that. Are interested in my research, perhaps?""

Gemie trails off to ponder for a moment; she's grumbling over something to herself then she nodded.

""You, stay right there; it's a good timing that you are here.""

The chief researcher taps her TriPad and afterwards a holo-display of a cone-looking generator or engine overlays in your comm screen.

""To answer your question, this is where the Sigma Matter you have sent to me goes into. My research focuses mainly on studying Sigma Matter, and unraveling its exotic properties and secrets. What you are seeing now is called Sigma Drives.""","BBPReward0Cont:""Sigma Drives?""",
BBPReward0Cont,DialogOptionSelected,$option == BBPReward0Cont,$GemiePresent0 = true,"""Yes, you heard it right. These hullmod specifications are derived from the unprecedented Blade Breaker designs. This means that if you apply this on a normal hull, it will achieve performance similar to Blade Breaker ships, while not exactly on the same level. In any case, it is important to note that you need a corresponding grade of Sigma Matter depending on what kind of Sigma Drive you are going to use.""

""It all began from 'what if we turn Sigma Matter into a modular engine/generator and install it inside of non-Blade Breaker ship?' I know it sounds absurd, but I actually made it possible, and it is all thanks to my genius. The Sigma Drives will be the secondary provider of power while bestowing it various benefits to the ship.""",BBPReward0Cont1:Continue,
BBPReward0Cont1,DialogOptionSelected,$option == BBPReward0Cont1,,"She taps her TriPad again and another series of moving holo-display appears in your comm screen. Gemie is showing you a demonstration of the step by step installation of Sigma Drive on a ship.

""Listen up, I will explain your role here. It occurs to me that you are the most ideal test subject for my latest creations. You might ask why? Simple, it is because you are a captain of a fleet that has a constant changes of ship composition.""

""You can install the Sigma Drives on those ships, but only one type of S-Drive can be used at the same time on particular hull... unless you want it to explode. There will be three types of Sigma Drives and each one corresponds to certain kind of combat doctrines; I made those settings so you can have a variety in your palette.""","BBPReward0Cont2:""Can I use these on Blade Breaker hulls?""",
BBPReward0Cont2,DialogOptionSelected,$option == BBPReward0Cont2,,"""Another good question! What if I put this on Blade Breaker hulls? Is it possible?""

""The answer is yes, it is possible. Unfortunately, I had to place a limiter on these. Without it, ship's reactor will overload with Sigma Energy resulting to a disastrous malfunctions in best case. In worst... you can imagine that yourself.""

""Now that I explained its premise. I will send these hullmod specs to you.""","BBPReward0Cont3:""Understood.""",
BBPReward0Cont3,DialogOptionSelected,$option == BBPReward0Cont3,"FireAll PopulateOptions
BBPlusAddSpecial modspec bbplus_sm_highgrade
BBPlusAddSpecial modspec bbplus_sm_lowgrade
BBPlusAddSpecial modspec bbplus_sm_unstable
AddTextSmall ""You have received Sigma Drive hullmod specs"" good","""You might also ask why I am giving such valuable objects to you. That's because you were turning out to be useful for providing me Sigma Matter recently. I am also curious on how these things will play out in your hands.""

""I have included detailed instructions and guidelines on how to apply these on your ships, so make no waste of these. But before you go, here's a fair warning. I believe that you aren't dumb enough to lose these hullmods, because there's no way I am giving a second copy.""

She sternly looks at you while explaining.

""Consider this as a smart investment. This should provide enough motivation to continue your work for delivering more Sigma Matter to me.""",,
,,,,,,
relLevelGemieFavorable2,PopulateOptions,"$isPerson
$id == bbplus_gemie score:1000
BBPlusRelationCheck 10 100
BBPlusPlayerLearnedHullmod bbplus_sm_highgrade
BBPlusPlayerLearnedHullmod bbplus_sm_lowgrade
BBPlusPlayerLearnedHullmod bbplus_sm_unstable
!$GemiePresent0Part2",,,"3:BBPReward0Part2:""Have you made any notable breakthroughs recently?""",
BBPReward0Part2,DialogOptionSelected,"$option == BBPReward0Part2
!$GemiePresent0Part2",$GemiePresent0Part2 = true,"""I'm glad you've asked! I also appreciate your interest in that regard.""

She seemed elated after knowing that you are interested in her work.

""Now, this thing that I am going to introduce should be a level-3 classified information and it is only available to certain authorized personnel. Though, in contrary, you have become a significant individual to us to the point that you might even earn a rank in our organization.""",BBPReward0ContPart2:Continue,
BBPReward0ContPart2,DialogOptionSelected,$option == BBPReward0ContPart2,,"""With that being established, I already sent a letter to my superiors pertaining in sharing my research's results and findings with you; including highly classified subjects above this. D-Don't get any funny ideas okay? I just don't want them hounding me from doing this. You are not that special!""

Looking abashed, she continue.

""Okay then without further ado, I would like to present you this yet another masterpiece by yours truly. A hullmod spec that will surely benefit you in the long run.""

""Since you've asked nicely, I shall give this to you - so be honored!""",BBPReward0Cont1Part2:Continue,
BBPReward0Cont1Part2,DialogOptionSelected,$option == BBPReward0Cont1Part2,"BBPlusAddSpecial modspec bbplus_sigmanode
AddTextSmall ""You have received Sigma Node hullmod spec"" good","""The good thing about this, is that you can simply apply this modification without consuming any Sigma Matter. However, it has a serious incompatibilities with Blade Breaker hulls, no, more like it is not applicable at all to be exact.""

She paused for a second then her expression turned serious.",BBPReward0Cont2Part2:Continue,
BBPReward0Cont2Part2,DialogOptionSelected,$option == BBPReward0Cont2Part2,,"""Listen very well, redundancy isn't ideal for this; unless you want your ship to explode. I'm pretty sure you wouldn't like that.""

""Fear not, I already made arrangements that will prevent any kind of life threatening scenario. I have embedded multi-layered failsafe and potent security protocols. So if for some ungodly reason, you and your mechanics tried to monkey it out, there's a zero chance that the engines will turn into a ticking time bomb.""",BBPReward0Cont3Part2:Continue,
BBPReward0Cont3Part2,DialogOptionSelected,$option == BBPReward0Cont3Part2,FireAll PopulateOptions,"""*Ahem* And lastly, the node functions as a compact; pseudo sub-engine for non-Sigma tech designs and due to its limited features and functionality, it cannot work in conjunction with other systems similar to it. So please keep that in mind when using this node.""

""One more thing, do-not-lose it, I REPEAT, don't lose that thing because I won't give you a second copy if you do. I highly recommend to read the instructions and its accompanied manuals before you leave. Hmph!""",,
,,,,,,
relLevelGemieWelcoming,PopulateOptions,"$isPerson
$id == bbplus_gemie score:1000
BBPlusRelationCheck 25 100
BBPlusPlayerLearnedHullmod bbplus_sm_highgrade
BBPlusPlayerLearnedHullmod bbplus_sm_lowgrade
BBPlusPlayerLearnedHullmod bbplus_sm_unstable
BBPlusPlayerLearnedHullmod bbplus_sigmanode
!$GemiePresent1",,,"4:BBPReward1:""Does your research includes fields outside of Sigma Matter?""",
BBPReward1,DialogOptionSelected,"$option == BBPReward1
!$GemiePresent1",$GemiePresent1 = true,"""Curious are we now? Fine, I guess it won't hurt if I tell you. You are helpful to us anyway and furthermore, I can't deny the fact that you've become a stellar contributor to my research.""

""If you aren't aware yet, we have established non-hostile relationship with Dassault-Mikoyan. The reason behind it is to collaborate and enter a joint arms race against the Blade Breakers. It's a strange partnership if I say so myself, though both parties will benefit in the end.""

""To answer your question, my research do include things outside of Sigma Matter. I've been conducting several experiments with the data I acquired from SNRI Labs. Just so you know, SNRI Labs is a special research department of Dassault-Mikoyan and they are quite adroit in their own fields.""",BBPReward1Cont:Continue,
BBPReward1Cont,DialogOptionSelected,$option == BBPReward1Cont,,"""And speaking of SNRI Labs, I've collected enough information of their exceptional fighter data that ended up into something that might warrant your interest. After analyzing it repeatedly and performed countless test in the simulacrum, I realized something...""

Gemie looks away the comm screen while her fist shakes in frustration.

""I realized that their strike crafts are far too superior compared to what we have and I hate to admit that! Nevertheless, this bitter realization leads into the creation of the hullmod specs that I am going to introduce.""

Gemie taps her comm console and the following holo images of fighters and DME carriers overlays in your screen.",BBPReward1Cont1:Continue,
BBPReward1Cont1,DialogOptionSelected,$option == BBPReward1Cont1,,"""I've created special modspec designs in collaboration with SNRI Labs; it's the culmination of their carrier combat data combined with my own inputs and modifications based on Blade Breaker tech. It's a set of three carrier-centric hullmods that will enhance and further optimize fighters to their fullest extent. Each has its own quirk that corresponds to certain carrier doctrines.""

""Captain $playerName, I do hope you have inclination of commanding carriers because if you do, it will provide tremendous advantage against your foes. With all that being explained, I expect that your question is answered. I also mentioned that you were an extraordinary contributor to my previous breakthroughs and findings.""

Gemie pauses for a bit then she resumes her explanation.

""Y-You shall be properly rewarded. Like I always say, efforts must be properly rewarded so don't get any funny ideas here okay!? I am going to send the hullmod specs to you, these will arrive shortly.""

With a few taps in her TriPad, she ordered the delivery of the said hullmod specs to you.",BBPReward1Cont2:Continue,
BBPReward1Cont2,DialogOptionSelected,$option == BBPReward1Cont2,"FireAll PopulateOptions
BBPlusAddSpecial modspec bbplus_snri_carrier_command
BBPlusAddSpecial modspec bbplus_snri_strike_command
BBPlusAddSpecial modspec bbplus_snri_wing_command
AddTextSmall ""You have received access to the special SNRI Labs hullmod specs"" good","""And one more thing, these SNRI Carrier hullmods are only applicable on Dassault-Mikoyan and Blade Breaker hulls with standard fighter bay.""

She crosses her arms and leans closer to the comm screen.

""Listen carefully Captain $playerName, this is also a fair warning. Ensure that you will read the instructions and its following guidelines properly. And most of all, make sure that you will not lose it because if you do, you won't get it again from me!""",,
,,,,,,
relLevelGemieFriendly,PopulateOptions,"$isPerson
$id == bbplus_gemie score:1000
BBPlusRelationCheck 50 100
BBPlusPlayerLearnedHullmod bbplus_sm_highgrade
BBPlusPlayerLearnedHullmod bbplus_sm_lowgrade
BBPlusPlayerLearnedHullmod bbplus_sm_unstable
BBPlusPlayerLearnedHullmod bbplus_snri_carrier_command
BBPlusPlayerLearnedHullmod bbplus_snri_strike_command
BBPlusPlayerLearnedHullmod bbplus_snri_wing_command
!$GemiePresent2",,,"5:BBPReward2:""What are you up to nowadays?""",
BBPReward2,DialogOptionSelected,"$option == BBPReward2
!$GemiePresent2",$GemiePresent2 = true,"""I noticed that you've been eager to learn my exploits, well whatever, you deserved to know them anyway.""

""You see, there's this prototype phase cruiser I have been tweaking a lot; I applied numerous changes to it, in order to test its limits.""

She clears her throat before continuing.",BBPReward2Cont:Continue,
BBPReward2Cont,DialogOptionSelected,$option == BBPReward2Cont,,"""It took me several painstaking tries to reach my objectives for the Bladestalker and surprisingly, the results are favorable and it is all thanks to you. Yes, you! Remember, you have been providing me Sigma Matter lately, and those things increased the efficacy of my experiments.""

$personFirstName sounds embarrased; she crosses her arms while looking away from the screen.

""I want to give the spare of its prototype to you. Don't get me wrong though, it doesn't sit me well when someone's effort aren't rewarded properly. You can't decline either!""

She taps her console and with the few clicks, a notification appears in the right corner of your comm screen. It says that a new warship is docked to your fleet.","BBPReward2Cont1:""Thank her""",
BBPReward2Cont1,DialogOptionSelected,$option == BBPReward2Cont1,"FireAll PopulateOptions
BBPlusAddShip bbplus_bladestalker_special Nightblade
AddCommodity fuel 100
AddCommodity supplies 100","""No need to thank me, as I said, this is a reward for your contributions.""

With a dismissive gesture, she continues.

""I was thinking of giving Harksten's personal Bladestalker to you instead just to spite him. But knowing the way he incessantly complains and cry, it's not worth the trouble.""

""In any case, I also provided you extra supplies and fuel alongside with the ship. Please use them as you see fit. However, keep in mind that you aren't getting another one from me if somehow you happen to lose the Bladestalker.""",,
,,,,,,
#Subject to change anytime,,,,,,
#Changed to colony item,,,,,,
#Requires edit,,,,,,
relLevelGemieCooperative,PopulateOptions,"$isPerson
$id == bbplus_gemie score:1000
BBPlusRelationCheck 75 100
BBPlusPlayerLearnedHullmod bbplus_sm_highgrade
BBPlusPlayerLearnedHullmod bbplus_sm_lowgrade
BBPlusPlayerLearnedHullmod bbplus_sm_unstable
BBPlusPlayerLearnedHullmod bbplus_snri_carrier_command
BBPlusPlayerLearnedHullmod bbplus_snri_strike_command
BBPlusPlayerLearnedHullmod bbplus_snri_wing_command
BBPlusPlayerLearnedIndustry planetaryshield
$faction.rel == COOPERATIVE
!$GemiePresent3",,,"6:BBPReward3:""You seem to be in a good mood. Did something happened?""",
BBPReward3,DialogOptionSelected,"$option == BBPReward3
!$GemiePresent3",$GemiePresent3 = true,"""It is imperative that my research should keep progressing and you know why? Because until now, we were still in arms race against the Blade Breakers.""

""I was actually one of the lead Quantum Physicists in Nevsky Polis, and from what I remember, they haven't taken full grasp of the core principles behind Sigma Matter, yet.""",BBPReward3Cont:Continue,
BBReward3Cont,DialogOptionSelected,$option == BBPReward3Cont,,"""Before I left that god forsaken place, I disrupted and deleted all of my research data and the latest findings about Sigma Matter as my parting gift to the Council of Five.""

""But of course, I took all the backups with me, so those bastards must be seething ever since.""

She said this as if she's proud with her defiance with a visible smirk.",BBPReward3Cont1:Continue,
BBReward3Cont1,DialogOptionSelected,$option == BBPReward3Cont1,,"""Anyhow, enough of my truimphant rebellion. I would like to present something that might strike your fancy. I'm sure you are familiar with the basic concept of shields. What I am going to give you is related to that topic. I presume you have knowledge about planetary shields, yes?""

Gemie halts for a moment and then she proceeds to tap something in her TriPad.",BBPReward3Cont2:Continue,
BBReward3Cont2,DialogOptionSelected,$option == BBPReward3Cont2,,"A slow spinning hologram of a planet appeared in your comm terminal, it seems that a shield-looking casing engulfs the planet.

""Ta-da! A unique catalyst that will make Planetary Shield go beyond its limits and further strengthening it.""

""After losing several hours of sleep, I have prevailed and proved that if you increase the volume of a low-grade Sigma Matter by twofolds while the unstable type is set to middle range then you tune the high-grade Sigma Matter by threefolds, you will end up in a harmonic resonance.""

""It is imporant that they are stored inside of an enormous storage matrix using exomaterials, set on a power output of 2101.5 MeV per Baryonic Decay, you can empower a barrier on a planetary scale without worrying its longevity and-""

Gemie stops herself; she realized that her explanation would go longer if she didn't restrain herself.",BBPReward3Cont3:Continue,
BBReward3Cont3,DialogOptionSelected,$option == BBPReward3Cont3,"FireAll PopulateOptions
BBPlusAddSpecial bbplus_synergy_cluster
AddTextSmall ""You have received Synergist Cluster Point"" good","""*Ahem*, nevertheless I'm going to send the catalyst; consider this as a token of gratitude, your contribution aided this breakthrough. S-So... Be honored that you are the first person I told you of it! Not even miss Hawthorne is aware of this yet(I'll get scolded if she learned that I divulge this to you first, ugh).""

She suddenly points her finger at you as if she's scolding a child.

""Listen here! Don't you ever lose that thing, okay?! It is advisable to read and understand the application and methodologies on how to use it. I even simplified it for the likes of you!""",,
,,,,,,
#DISABLED/WIP - still no proper rewards,,,,,,
#Note: Alauda is placeholder,,,,,,
#relLevelGemieMaxed,PopulateOptions,"$isPerson
$id == bbplus_gemie score:1000
BBPlusRelationCheck 100 100
!$GemiePresent4
#$faction.rel == COOPERATIVE",,,"7:BBPReward4:""How's the progress of your research about the 'special' hull.""",
#BBPReward4,DialogOptionSelected,$option == BBPReward4,"$GemiePresent4 = true 30
FireAll PopulateOptions
BBPlusAddShip istlx_alauda_std Ikaruga","""Have you now?""

$personFirstName thinks for a moment.

""I've been authorized to grant you a special frigate design which was the product of our collaboration with SNRI Labs. You'll find them to be much stronger and more stable than an overdriven variant of such a specimen. Of course the Head of Operations won't let me give you all the resources required for that ship. Provide that for your own.""",,
#END Gemie Dialogue,,,,,,
,,,,,,
#Shitposter NPC in Sephira,,,,,,
defaultGreetingSevusHostile,PickGreeting,"$isPerson
$id == bbplus_sevus
$personFaction.id == the_deserter_ex
$faction.rel == HOSTILE
$market.id == deserter_starkeep","#ShowPersonVisual
#FireAll PopulateOptions
SetShortcut cutCommLinkPolite ""ESCAPE""","You tried establishing comm link but to no avail, there's no response.

Perhaps this comm channel will be available if you have a non-hostile standing with the Deserters.",cutCommLink:Cut the comm link,
defaultGreetingSevus,PickGreeting,"$isPerson
$id == bbplus_sevus
$personFaction.id == the_deserter_ex
$market.id == deserter_starkeep","ShowPersonVisual
#FireBest PopulateOptions
FireAll PopulateOptions
SetShortcut cutCommLinkPolite ""ESCAPE""","""Greetings, this is Vice Commander $name. What is your business with me?""
OR
""Comms up are up, state your intent for establishing this connection.""","#0:sevusIdle_chat:""Let's have a chat.""
#1:sevusIdle_information:""Do you have any valuable information?""
100:cutCommLink:Cut the comm link",
,,,,,,
sevusChatterIdleDefault,PopulateOptions,"$isPerson
$id == bbplus_sevus
BBPlusRelationCheck 0 100",,,1:sevusIdle_chat:<Chat>,
sevusChatterIdleSelectedDefault,DialogOptionSelected,$option == sevusIdle_chat,,"""What? Are you here for an idle chatter? Fine, I will humor you then. Have you tried purchasing ships from the market port? Most of our warships are prototypes; they are retrofitted variation of existing designs in the sector. Though, the kicker is that they are more juiced up than their original counterpart. With that being said, I can assure you that it is worth your space penny.""

He pauses for a moment and then suddenly, his helmeted visage moves extremely close to the monitor.

""Do me a favor and buy at least one warship.""

After saying that to you, the comm link cuts abruptly.
OR
""Idle chat? Let me suggest you something productive that will benefit both of us.""

""Have you noticed the constant shortage of transplutonics and metals in our Orbital Works?""

With a pensive look and heavy sigh, he continues.

""Due to the nature of this star system, we cannot establish a proper mining operation. Furthermore, most of the planets here aren't ideal for mining, and others have barely any to start with. This is why we rely on trade with selected; trusted spacers like you.""

""Say, why don't you dump your excess transplutonics and metals here? We always welcome these commodities and pay well for them.""",cutCommLink:Cut the comm link,
sevusChatterIdleFavorable,PopulateOptions,"$isPerson
$id == bbplus_sevus score:500
BBPlusRelationCheck 75 100
#$faction.rel == FAVORABLE",,,1:sevusIdle_chat2:<Chat>,
sevusChatterIdleSelectedFavorable,DialogOptionSelected,$option == sevusIdle_chat2,,"""You came all this way just for a chat, at this hour? Man, I envy you. You know why? Because you have so much free time and that's what I want right now...""

Amidst of the complaining, the Vice Commander suddenly remembers something important.

""Seven hells, I forgot we are on public channel, I really hope nobody heard and reported that to the Head of Operations.""

Behind the obsidian helmet, you can clearly feel his pallor. Sevus quickly tried to compose himself and hurriedly sets the channel into private mode.

""Whew, you know what? This is your fault. If you weren't fooling around, I wouldn't be making this blunder. You have no idea how scary our boss can get.""

""There's this one instance that I got chewed on quite harshly for playing hooky, even though- Wait, why am I telling this to you now? You know what, I'm going to end this pointless banter before something terrible happens to me again.""

Your comm link with the Vice Commander was cut and the connection is lost.
OR
""A chat you say? Fine, so let's see... What can I say about those nasty Blade Breakers?""

""According to the annals of history: humanity created AIs as a tool and for the sake of their own convenience. However, that's not the case for the Blade Breakers, because the AIs are the one enslaving humans for their own bidding. Ironic isn't?""

He pauses for a bit and then shakes his head.

""I don't want to become a meat puppet for the Council of Five ever again.""
OR
""You want to have a chat? Lucky you, I am free at the moment.""

He sets the comm channel into private mode.

""So there's this watery world somewhere in Nikolaev Star System that caught my interest. According to the information I have read about it, the planet is inhabited by strange cetacean creatures that show a hint of definite, significant sapience. In the far, far future, there's a possibility that they will evolve into a more advanced life form and start their own civilization that will be almost identical to humans. Fascinating, don't you agree?.""

The Vice Commander sighs then he continues the bickering.

""Someday I want to visit that planet and see the creatures in flesh. Wait, I have a brilliant plan! Catching one and bringing it here for further studies will be more ideal.""

He stands up and proceed to pick up written articles about the said creatures.

You can hear his muffled sinister laugh before the cutting the comm link.",cutCommLink:Cut the comm link,
#sevusIdleInformation,PopulateOptions,"$isPerson
$id == bbplus_sevus
$personFaction.id == the_deserter_ex
BBPlusRelationCheck 20 100",,,"2:sevusIdle_information:""Do you have any valuable information?""",
#sevusIdleInformationSelected,DialogOptionSelected,$option == sevusIdle_information,,"""Valuable information you say?""

Sevus' places his right hand under his chin as he ponders deep into his memories.

""You know how dangerous this star system is, right? Truth be told, we have not been able to fully unravel the entirety of Qliphoth. No thanks to the Neutron Star's pulsar, that damn thing blasts everything in its path.""

He sounded quite annoyed when saying this. He continues.

""There is this one particular planet here that got mined almost to its core by the Blade Breakers. If our initial surveys are correct, then there should be a derelict mining station floating above its orbit.""

Sevus pauses and proceeds to look at you.

""You are getting my point, don't you? If you want to test your luck then I suggest you carefully traverse the expanse of this system and locate the said abandoned mining station; you might even hit a jackpot there.""
OR
""Valuable information you say? Fine, this Vice Commander feels generous today.""

""Have you explored the Blade Breaker's territory yet? If my memory serves me right, there are several derelicts of prototype Blade Breaker hull drifting somewhere in those systems. The most notable are the prototypes of [Sparrowhawk-class Cruiser] and [Curse-class Stealth Carrier]. Up to this date, nobody bothered salvaging them.""

The Vice Commander chuckles in the middle of his explanation.

""Well duh, the reason is obvious, because you don't want to get near those Sigma-addled psychopaths. I remember shooting down some unlucky bastards who strayed in those system back then, when I was still a Blade Breaker lackey.""

""I can't exactly point you to the location of each derelicts but the closest clue I can provide are these...""

He presses his TriPad and right after, you recieve the following data.

-> Dust band in a Red Giant star system.*
-> Dust band in an Orange star system.*

""All I can say is, it is worth checking every system in the Blade Breaker constellation. That is if you can brave the looming dangers.""",cutCommLink:Thank the Vice Commander for providing that information and excuse yourself.,
,,,,,,
#Special LPC from trading SDS with him,,,,,,
SevusRewardSpecialTrade,PopulateOptions,"$isPerson
$id == bbplus_sevus score:1000
BBPlusRelationCheck 0 100
BBPlusPlayerHasItem istl_securedata
$faction.rel == COOPERATIVE
!$SevusSpecialTradeOption",,,6:sevusSpecialTrade: Tell him that you have a Secure Data Storage,
SevusRewardSpecialTradeIntro,DialogOptionSelected,"$option == sevusSpecialTrade
!$SevusSpecialTradeOption",,"""Really? That's great Captain $playerName. I will not waste your time or mine interrogating you about where you got it.""

""I'll be blunt, captain. That thing is virtually useless to you. Unless you happen to know how to decrypt and deactivate its multiple security layers. And even then, if you somewhat managed to decrypt it, the information it contains might be irrelevant to you.""

He taps something in his TriPad and a spinning holo-image of a strike craft appears on your screen. An array of information appears alongside it, entailing its name and specs. According to this information, this strike craft is called Moroi Bomber and it was manufactured by the Blade Breakers. 

""So how about this, I'm giving you a special offer for the Secure Data Storage. I will exchange it for my prized Blade Breaker LPC wing. Mind you, there's no way you can get it outside of this deal.""","0:sevusDealAccepted:""I accept your offer.""
1:sevusDealDecline:Decline his offer",
SevusRewardSpecialTradeAccept,DialogOptionSelected,"$option == sevusDealAccepted
!$SevusSpecialTradeOption","$SevusSpecialTradeOption = true
AdjustRepActivePerson COOPERATIVE 3
RemoveCommodity istl_securedata 1","""Good choice, captain! You will not regret this deal. Moroi Bombers LPC is going to be yours now and I will be sending it shortly. Ah, have I explained the story behind this LPC to you?""

The vice commander crosses his arm as he thinks back about the past.

""I happened to stole this experimental LPC from one of their research facilities in Lenze. Before leaving I have set multiple charges in weak structural points. Charges exploding not only ripped it into pieces, it also set the whole facility on fire. That damned Council must be frothing in their mouths out of extreme anger. Oh, did I also mention-""

He notices your disinterest at the subject and immediately stops from trailing off.",0:sevusDealAcceptedCont:Continue,
SevusRewardSpecialTradeAcceptCont,DialogOptionSelected,$option == sevusDealAcceptedCont,"BBPlusAddWing bbplus_moroi_wing
AddTextSmall ""You have received Moroi Bomber LPC"" good
FireAll PopulateOptions","Few minutes have passed and a notification appears at the corner of your comm screen. It informs you that the LPC you were promised has arrived.

""Anyway, it appears that you have received it. I would want to give you more copies of this LPC, but unfortunately, I only had one myself. Make sure to make the best of out it.""

""It was a pleasure doing business with you captain $playerName. Until next time, burn bright.""",,
SevusRewardSpecialTradeDecline,DialogOptionSelected,$option == sevusDealDecline,"$SevusSpecialTradeOption = false
#FireAll PopulateOptions","""Fine, suit yourself. Just so you know, the offer is still up and if somehow you change your mind, you know where to find me.""
OR
He chuckles and then shakes his head.

""That is unfortunate captain, you are be missing out.""",cutCommLink:Cut the comm link,
,,,,,,
relLevelSevusFavorable,PopulateOptions,"$isPerson
$id == bbplus_sevus score:1000
BBPlusRelationCheck 10 100
$faction.rel == COOPERATIVE
!$SevusPresent0",,,3:SevusReward0:Inquire about the abandoned siphoning station,
SevusRewardFavorable,DialogOptionSelected,"$option == SevusReward0
!$SevusPresent0",$SevusPresent0 = true,"""The siphoning station? You mean Qliphah-P 545? Now that is a place I haven't heard being mentioned for a long time. You see, before we arrived here, I was just a former lackey among the ranks of the Blade Breakers. I was never been assigned to this star system; only those who have above level 4 access operated here.""

""What I am saying is that, I am not familiar with the inner workings of that station. I honestly never bothered learning what they have accomplished there; for all I know, it was abandoned immediately after they bombed that green planet below us. However, with my current authority, I can simply request a restricted file containing Qliphah-P 545's information including its complete mappings and current accessible points.""

""And I will hand over it to you.""","RewardFavorableCont:""Really, you will do that?""",
SevusRewardFavorableCont,DialogOptionSelected,$option == RewardFavorableCont,,"""Yes, of course. You have been helpful to me, so I decided this might be a good incentive for the trouble you had to go through.""

""Hold on a second, I have a better idea! I presume you have plans on venturing inside, yes? If so, then this will be more helpful to you - I am going to ask one of our researchers to create a program that can rewrite whatever security systems present there. It is going to save your time and the lives of your crew in case automated defenses are still online.""

""I think I know who exactly fits the bill for this job. She should be joining us via comms shortly.""

The vice commander makes few taps on his console, and after a short while an annoyed looking woman appears in the comm channel.",RewardFavorableGemieIntro:Continue,
SevusRewardFavorableGemieIntro,DialogOptionSelected,$option == RewardFavorableGemieIntro,ShowSecondPerson bbplus_gemie,"""This is the chief researcher of Sephira Labs. Vice Commander? What do you need from me at this hour?""

From the tone of her voice, she seems irked for being called here as she doesn't even seem to notice your presence in the conversation.

""My apologies for disturbing you while you were immersed in your work, but I truly require your assistance. Captain $playerName, this is chief researcher Gemie of Sephira Labs.""

And with a monotonous; uninterested tone she greets you.

""Greetings, captain.""

And after that, the vice commander resumes his explanation.",RewardFavorableGemieIntroCont:Continue,
SevusRewardFavorableGemieIntroCont,DialogOptionSelected,$option == RewardFavorableGemieIntroCont,HideSecondPerson,"""You see, my friend captain $playerName desires to explore the innermost part of Qliphah-P 545. You are aware there are high level security systems still active inside of it that fire on anyone without proper authentication in order to preserve the station's sectrets. I don't want that to happen to the Captain. I will be sending the data containing the entirety of Qliphah and I want you to write a program that will override its security systems and whatnot.""

The chief researcher slightly tilts her head to the left and replies.

""And why should I do that?""

Sevus let out a sigh. He appears to be used to her snarky attitude.

""Maybe because I am YOUR superior? And you are being ORDERED to do it?""

Unable to refute the vice commander, researcher clicks her tongue out of compliance.

""Fine. Give me a few minutes and you'll have that blasted program.""

She leaves the comm channel after begrudgingly agreeing.",RewardFavorableGemieLeft:Continue,
SevusRewardFavorableGemieLeft,DialogOptionSelected,$option == RewardFavorableGemieLeft,,"""Please pardon her attitude. It is in her nature to be unsociable, but that doesn't mean she is a terrible person. She is one of our best researchers here. Breakthroughs and contributions she have made are invaluable to us; so she gets some lee-way with that kind of personality.""

""On the other hand, I have just received the information pertaining Qliphah-P 545; it contains the detailed map of its interior. Before sending the map to you, I will also mark the specific part of the station which gives you direct access to its innermost sanctum. With the program made by Gemie, you should not have many issues exploring the station.""

The vice commander taps his TriPad, and an overlay of file transfer hud appears in your comm screen. He is sending you the aforementioned data.",RewardFavorableGemieLeftCont:Receive the data,
SevusRewardFavorableGemieLeftCont,DialogOptionSelected,$option == RewardFavorableGemieLeftCont,,"""There you go. Make sure to read the contents properly. The only thing I ask you in return is to keep that data for yourself; never share it with anyone. If you can agree to that - we are good.""

Few moments pass, and an incoming comm link request notification rings on the vice commander's holoscreen.

""Alright, it appears Gemie is done with my request; she will join us shortly.""",RewardFavorableGemieData:Continue,
SevusRewardFavorableGemieData,DialogOptionSelected,$option == RewardFavorableGemieData,"#FireBest
ShowSecondPerson bbplus_gemie_dm","The chief researcher reappears again in the comm channel. As per usual, her annoyed demeanor didn't go away.

""It is done. I have completed the set command ovverrides for the existing security systems in Qliphah. It will forcefully give you an access to the central controls and disable whatever authorization or credentials requirement when interacting with protected doors. Meaning that once you have successfuly installed it, you can freely walk anywhere within the station.""

""I have stored it inside of a data card; all you need to do is to find a terminal hub and put the card inside. If you can't do that... too bad.""

""Thank you chief researcher, your work is appreciated. That would be all I required from you and I'll take it from here.""

Gemie simply nods.

""Good, I shall take my leave then. I have more pressing matters to attend as always.""

She left the comm channel.",RewardFavorableItemReceived:Continue,
SevusRewardFavorableItemReceived,DialogOptionSelected,$option == RewardFavorableItemReceived,"#FireBest
HideSecondPerson bbplus_gemie_dm
AddCommodity bbplus_data_chip 1","""And there you have it. I have already sent the data card to you. It will be delivered to your fleet as always.""

""Captain, whatever you find in that station is yours. Remember not to get too cocky, even if you have that data card. We still don't know what might be lurking inside the abandoned siphon station. No, I am not trying to scare you; I am merely asking you to be cautious. Keep in mind that the place you are going to is terribly run down and is still deteriorating as we speak.""

""I shall pray for your fortune. Now, be on your way.""",cutCommLink:Thank the vice commander then excuse yourself,
,,,,,,
sevusAddtoContacts,PopulateOptions,"$isPerson
$id == bbplus_sevus score:1000
BBPlusRelationCheck 0 100
!$SevusContact",,,"3:sevusContracts:""Are you in need for a third party contractor?""",
sevusContracts,DialogOptionSelected,"$option == sevusContracts
!$SevusContact",$SevusContact = true,"""You want to be a third party contractor for us, is that right? It's true that we welcome freelancers to perform jobs that we deem too troublesome or menial. So, if you think you are really up to it then please, go ahead.""","0:sevusContactAccepted:""Okay, I'm in.""
1:sevusContactLater:""I changed my mind, maybe next time.""",
sevusChangeOfMind,DialogOptionSelected,$option == sevusContactLater,"$SevusContact = false
#FireAll PopulateOptions","He let out a sigh as if he anticipated this kind of response.

""I understand you had a cold feet for this; worry not, you can approach me again if you've changed your mind.""",cutCommLink:Excuse yourself then cut the comm link.,
sevusAcceptedContract,DialogOptionSelected,"$option == sevusContactAccepted
AddPotentialContact bbplus_sevus","AddPotentialContact
AdjustRepActivePerson COOPERATIVE 3
FireAll PopulateOptions","""Excellent, feel free to contact me anytime if you want to get started. My comm channel will be always available to you.""

The vice commander taps a key in his TriPad and a data transfer interface overlays your comm-view. He's sending his personal contact ID-hash and several important data.

""I have a good feeling that you will become a great asset to us. May our partnership yield a future teeming with boon and success."" ",,
,,,,,,
sevusIntroduceMercStart,PopulateOptions,"$isPerson
$id == bbplus_sevus score:1000
BBPlusRelationCheck 20 100
$faction.rel == COOPERATIVE
!$SevusMercIntroduce",,,5:sevusMercMeet:The vice commander wants to discuss something with you,
sevusIntroduceMercMeet,DialogOptionSelected,"$option == sevusMercMeet
!$SevusMercIntroduce",,"Captain $playerName, good timing! It appears that you've been garnering attention in our organization lately, in a good light of course. There's this someone who would want to meet you in that regard. It's one of my elite soldiers and he has taken interest in you and requested me to introduce him.

Now that you are here, I will inform him so he can meet you personally. A moment please.

The vice commander taps something in his communication tab. After a short while, another person enters the comm channel.",sevusMercIntro:Continue,
sevusIntroduceMercIntro,DialogOptionSelected,"$option == sevusMercIntro
!$SevusMercIntroduce","$SevusMercIntroduce = true
ShowSecondPerson bbplus_roland","""Roland Thermidor, reporting in.""

Then he gives a prompt salute. The vice commander salutes back in response.

""Ah Thermidor, as I told you before, I have arranged an introduction so you can properly meet our friend here, Captain $playerName.""

Thermidor looks straight at you through the comm screen. Afterwards he gives a salute.

""Well met, Captain $playerName. Your reputation truly precedes you, allow me to extend my gratitude for your contributions to our cause. I see that we are fighting the same enemies and inline with that, I would like to offer my services and skills to work under you.""",sevusMercIntroCont:Continue,
sevusIntroduceMercIntroCont,DialogOptionSelected,$option == sevusMercIntroCont,,"After stating his intent, the vice commander followed suit.

""You heard him captain. I already gave him complete permission to join you as intermediary. I can assure you that he will be a great addition to your force, if you will give him the opportunity.""

""So if you find yourself short in people, his comm channel will be available directly to you. Thermidor, I will take it from here, you are dismissed.""

The officer firmly nods and salutes one last time before cutting his connection.",sevusMercCont:Continue,
sevusIntroduceMercCont,DialogOptionSelected,$option == sevusMercCont,HideSecondPerson bbplus_roland,"""If you ever decided to take him under your wing, then I suggest that to chuck him on a Blade Breaker ship, his abilities will excel more brightly when he is assigned to one due to his previous experiences and special breaker augments.""

""So that's it for today; I do hope you may find use for him. Until then Captain $playerName.""",sevusMercEnd:Continue,
sevusIntroduceMercEnd,DialogOptionSelected,$option == sevusMercEnd,"SetPersonHidden bbplus_roland false
FireAll PopulateOptions",,,
#END Sevus Dialogue,,,,,,
,,,,,,
#Roland Thermidor dialogue,,,,,,
defaultRolandGreeting,PickGreeting,"$isPerson
$id == bbplus_roland
$personFaction.id == the_deserter_ex
$market.id == deserter_starkeep","ShowPersonVisual
FireAll PopulateOptions
SetShortcut cutCommLinkPolite ""ESCAPE""","""Greetings Captain $playerName, I've been expecting you.""
OR
""Comms established. This is Private $name, state your business. Ah, it's you captain.""

He promptly saluted afterwards.
OR
""Oh, it's you captain. Do you require my services now?""",100:cutCommLink:Cut the comm link,
,,,,,,
RolandHire,PopulateOptions,"$isPerson
$id == bbplus_roland",,,1:RolandOfferHire:Offer to hire $himOrHer,
RolandHireInquiry,DialogOptionSelected,"$option == RolandOfferHire
#$ome_hireable score:1000
#CallEvent $ome_eventRef canAfford $id","AddText ""You ask $personName some questions to establish where $hisOrHer skills lie.""
BBPlusOfficerSpecial","""Skill assessment? Understood; I will gladly comply.""

He tap his TriPad and an overlay holo-infograph containing his aptitudes and skill sets appears in your screen. You carefully peruse the laid out details.","0:roland_hireYes:""Looks impressive, you are in.""
1:roland_changeMind:""I'll give it another thought.""",
RolandHireYesSel,DialogOptionSelected,"$id == bbplus_roland
#$ome_hireable score:100
$option == roland_hireYes","AddTextSmall ""You successfuly recruited $name to join your crew."" good
BBPlusAddOfficer bbplus_roland","""Thank you for granting me this opportunity to work under you. I shall prove my worth in the battlefield just give me your orders, Captain $playername!""

Thermidor's elation is evident despite his stiff disposition.

""I will make neccessary preparations now. I'll be joining your crew after a short while.""

Once again he salutes before cutting off the comm link.",roland_hireYesSelCont:Continue,
RolandHireYesSelCont,DialogOptionSelected,$option == roland_hireYesSelCont,"AddText ""Not long after, $name joins your crew on schedule."" highlight
ShowDefaultVisual
SetPersonHidden bbplus_roland true
EndConversation",,,
,,,,,,
RolandHireNoSel,DialogOptionSelected,$option == roland_changeMind,,"""I understand captain. Please do take your time.""",roland_convEnd:Cut the comm link,
RolandHireConvEnd,DialogOptionSelected,$option == roland_convEnd,"ShowDefaultVisual
EndConversation",,,
#END Roland Dialogue,,,,,,
,,,,,,
#Qliphah-P 545 Special Interaction,,,,,,
QliphahOpenDialog,OpenInteractionDialog,$tag:bbplus_qliphah_p_545,"ShowDefaultVisual
PrintDescription 3
#FireBest qliphahMainOptions
FireAll QliphahOptions",,,
QliphahMainOptions,QliphahOptions,,"#SetOptionColor qliphahVisit highlight
SetShortcut qliphahLeave ""ESCAPE""",,"0:qliphahVisit:Send a surveying team
10:qliphahLeave:Leave",
QliphahVisit,DialogOptionSelected,$option == qliphahVisit,"SetShortcut qliphahLeave ""ESCAPE""","You sent a small team of your crew to further scour the inner part of the station. Several minutes have passed and still they haven't found anything signficant; not even a recoverable data bank.

Your detached surveying team concluded that there's nothing worth of value left. They hurriedly prompts you to leave the orbital ruins as staying here would do more harm than good.",qliphahLeave:Leave,
QliphahLeave,DialogOptionSelected,$option == qliphahLeave,DismissDialog,,,
,,,,,,
QliphahHiddenRouteOptions,QliphahOptions,"#$QStation.Event
#$tag:bbplus_qliphah_p_545
BBPlusPlayerHasItem bbplus_data_chip
!$ProceedToHiddenChamber","AddText ""Your shuttle landed safely inside the siphoning station, you turn on your holo-map containing the coordinates of the said 'hidden' location. The mark where the coveted area are located shows in your overlay screen followed by several auxiliary information and it begins to set out pinging sound."" highlight
SetOptionColor HiddenRouteUnlocked highlight",,1:HiddenRouteUnlocked:Proceed towards the mark on the map,
QliphahHiddenRouteUnlocked,DialogOptionSelected,"$option == HiddenRouteUnlocked
!$ProceedToHiddenChamber",,"You proceed to the area where the vice commander told you. You notice that there's a massive door not too far from your position; there's few debris subtly obscuring the path towards it. Your scout began to do another deep scanning to see if there are any traps laid or something unpleasant.

After a few short clicks and searching, the surveying scout confirms that it is safe to proceed further to the door.","0:HiddenRouteContinue:Go further
10:HiddenRouteTurnBack:Turn back and leave",
QliphahHiddenRouteProceed,DialogOptionSelected,$option == HiddenRouteContinue,$ProceedToHiddenChamber = true,"The massive door that seemed to be still functional appears before your team. The personnel responsible of analyzing it commented out that there's a secondary access panel hidden behind the slightly-damaged compartment. You remember that the vice commander has given you a peculiar data chip.

You ordered them to open the said compartment in order to reach the access panel. After a short wait, your engineer told you that there's an accessible slot that requires certain item. The data card you hold is somewhat suspiciously, a perfect fit for it.",HiddenRouteProceedUseKey:Insert the data chip,
QliphahHiddenRouteFuckOff,DialogOptionSelected,"$option == HiddenRouteTurnBack
!$ProceedToHiddenChamber","$ProceedToHiddenChamber = false
DismissDialog",,,
,,,,,,
QliphahHiddenRouteUseKey,DialogOptionSelected,$option == HiddenRouteProceedUseKey,"ShowImageVisual qliphah_access_panel
AddTextSmall ""You inserted the data card inside the terminal hub"" highlight
RemoveCommodity bbplus_data_chip 1
BBPlusAccessPanel","Few moments after you inserted the data card. The access panel screen goes online and presents a garbled strings of numbers and words.

==========================
▐EXEC_CHRONICLE=KEY/.#NNSYA extracting...
...Initiating
▐▐▐chmod b111000000/n
▐▐█EXEC_ViiBaCi_MjiiRa/.
...Command = Override 
▐▐EXEC_Z/.
...Located Dir - complete override of selected mem/file(s)
...
...Rewriting security protocols
...
...Removing Level 6 restrictions 
...
...Success!
[/!\ ENTERING SYSTEM REBOOT /!\]
==========================",HiddenRouteKeyUsed:Continue,
QliphahHiddenRouteOverride,DialogOptionSelected,$option == HiddenRouteKeyUsed,,"It goes on for a couple of minutes until it stops then restarted itself again. What you see now is the infamous sword-and-star emblem of the Blade Breakers. The word 'WELCOME' highlighted in green flashes. Without your input, the process continues and the sound of machines spooling can be heard. The huge door starts to open.

Now that the biggest hurdle in this expedition is out of the picture. You and your crew decides to go further inside; you ordered them to stay vigilant more than ever.",HiddenRouteEnterDoor:Enter the door and proceed deep inside,
QliphahHiddenRouteEnterDoor,DialogOptionSelected,$option == HiddenRouteEnterDoor,ShowImageVisual qliphah_corridors,"As the crew ventures further deep into the unknown parts of Qliphah, you traverse a long winding and silent corridor that exudes an ominous feeling. Although there's nothing hostile or dangerous abound, you should never let your guard down and keep your crew on their toes.

While keeping an eye into your surroundings, your crew engineer approaches you.

""$PlayerSirOrMadam, if we continue ahead, we will soon reach a new chamber and judging from its size it could be something that holds industrial machineries or even a ship assembly manufactory. I just hope that there's nothing nasty waiting for us there.""

To his concern, you give the engineer an assurance that in the event things goes south, you aren't foolish enough to continue and instead you will issue immediate retreat; ending the exploration for the sake of everyone's safety.",HiddenRouteCorridorEnd:Proceed,
QliphahHiddenRouteCorridorEnd,DialogOptionSelected,$option == HiddenRouteCorridorEnd,,"Your team has crossed the long corridor and finally reach another massive door, fortunately reaching the end of the corridor was uneventful; nothing major happened on your way.

The sensors attached in the entrance begins to scan your team. Everyone brace themselves for whatever is going to happen afterwards; even without ordering them, your marines have taken their combat position.

The tension rises.",HiddenRouteNextAreaDoor:Prepare yourself,
QliphahHiddenRouteNextAreaDoor,DialogOptionSelected,$option == HiddenRouteNextAreaDoor,,"""Scanning complete.""

The source of those words came from an automated female voice. Everyone anticipates that there will be an anti-intruder sentry guns, or combat automatons will pop out but none of those dreadful things appear. And just like that, the door starts to open before your crew. Everyone let out an audible sigh of relief at the unfound bloodbath.

Your crew engineer left baffled as it why it opens without the need of credentials. You reckon that it must be the work of the perhipheral device you used earlier.",HiddenRouteNextArea:Enter,
QliphahHiddenRouteNextArea,DialogOptionSelected,$option == HiddenRouteNextArea,ShowImageVisual qliphah_industrial,"The crew arrived to the following area without hindrance. An enormous industrial facility that stretches beyond what your eyes can see presents itself to everyone. Your technical crew are taken aback at the sight they are witnessing; you can see clearly how they are awed at the astonishing highend and alien-like pieces of Blade Breaker technologies inside the facility.

They immediately cease their state of admiration the moment they saw you looking at them with a stern look. You commanded the crew to move along and perform an inspection while exploring the place carefully. You as well went ahead with your group and trail towards the center of this place.",HiddenRouteNextAreaSearched:Order a thorough search,
QliphahHiddenRouteNextAreaSearched,DialogOptionSelected,$option == HiddenRouteNextAreaSearched,,"Half an hour has passed of exploration, your crew engineer who went in different location contacts you via communication device. He probably discovered something worth reporting to you.

""$PlayerSirOrMadam, I think we hit a jackpot here! After analyzing it twice, I can proudly attest that it is an inactive Domain-era artifact in pristine condition. Its functions says here that it increases the effectivity of siphoning volatiles from the atmosphere of a gas giant, which it makes sense because the station itself is a gigantic siphoning instrument.""

You are about to ask him a question but he cuts you off.",HiddenRouteNextAreaSearchedCont:Continue,
QliphahHiddenRouteNextAreaSearchedCont,DialogOptionSelected,$option == HiddenRouteNextAreaSearchedCont,,"""But wait captain, there's more! Not too far from this thing, we also found a peculiar artifact that is also in pristine condition but its information is undocumented and with that being said, I can't give you precise explanation.""

""Unfortunately, due to the lack of proper materials and equipment we can't perform accurate examination to figure it out. All we need to do is to bring both of these sweet treasures with us. Knowing how big the place here, we can request for more additional people from our ship with salvage drones in tow and that would hasten up the process. Just say the word captain!""

Thanks to your competent crew members, everything proceeded smoothly. What's left now is for you to order them to retrieve the artifacts after completing the exploration.",HiddenRouteLootDiscover:Contact your comms officer in the ship to request for more people and equipment,
QliphahHiddenRouteLootDiscover,DialogOptionSelected,$option == HiddenRouteLootDiscover,"BBPlusAddSpecial bbplus_deuterion_isometer
BBPlusAddSpecial plasma_dynamo
AddTextSmall ""You have recieved Deuterion Isometer and Plasma Dynamo"" good","Your bridge officer were delighted to hear the good news. As soon as you gave the corresponding instructions, they immediately sent the requested amount of personnel; alongside with various salvage equipment and gantries.

Not too long after, the reinforcements have arrived. First, they walk up towards you and gave you a salute then everyone scrambles to do their job. You walk around to overseer the whole salvaging process. You notice the clamoring and cheerful atmosphere during the operation, it is due to the fact that this expedition is a success. While watching your crew, you thought of treating all of them to a drink in the mess hall later. As such, you make an announcement that once everything gets properly done, you will treat everyone to a nice drink as a celebration for the success of this salvage mission.

Everyone in the site cheers in unison, your announcement enlivens the place and they become more motivated than before. Amidst the exalted bunch, your crew engineer approaches you while holding his TriPad.",HiddenRouteLootDiscoverCont:Listen to his report,
QliphahHiddenRouteLootDiscoverCont,DialogOptionSelected,$option == HiddenRouteLootDiscoverCont,,"""Captain $playerName, we will be able to finish everything soon, kindly take a look at this salvage assessment report. We made sure everything that has transpired are listed here. Please do scrutinize it as you wish; if you see any error or something amiss then let me know.""

After transfering the report file to your TriPad, he excuses himself and went back monitoring the final phase of the operation. You open the file and gave it a read. Since the report was elegantly written in a condensed and sophisticated manner, a simple glance will be enough to understand each page. This shows that the engineer doesn't cut corners and has a meticulous work ethics.

Few minutes later, the artifacts were loaded into the transport pods. Your crew begins the clean up and you decide that it is time to conclude the operation.",HiddenRouteEpilogue:Wrap up everything,
QliphahHiddenRouteEpilogue,DialogOptionSelected,$option == HiddenRouteEpilogue,,"Two transport pods holding the artifacts inside are being carried by multiple salvage drones. They make their way to the exit while being accompanied by your crew.

Before leaving, you stop for a moment and took another glance at the Blade Breaker facility. You've made sure nothing slip past you and everything that holds value to your interest are already within your grasp. The marines who were escorting you noticed that you lag behind; they inquire if there's something wrong.

""Is there a problem, $PlayerSirOrMadam?""

You dismiss that nothing is out of order; you resume walking towards the exit and rejoin your marines.",HiddenRouteEnd:Leave the place,
QliphahHiddenRouteEnd,DialogOptionSelected,$option == HiddenRouteEnd,DismissDialog,,,
#END Qliphah-P 545,,,,,,
,,,,,,
#Nex Mercenary Blurb,,,,,,
nex_mercMeetBlurbNightRavens,Nex_MercMeetBlurb,$nex_mercCompanyId == bbplus_mercNightRavens,,"A stoic-looking woman appears in the comm screen and then she proceeds to stare at you blankly. After a short while, she introduces herself.

""Well met, captain $playerName. I am Aselia Griffith, the leader of the Night Ravens. Our services can provide convoy protection, reconnaissance and even eliminating certain person or company. So, what it will be?""",,
nex_mercMeetBlurbNightRavensInsulted,Nex_MercMeetBlurb,"$nex_mercCompanyId == bbplus_mercNightRavens
$nex_mercInsulted score:5",SetEnabled nex_mercHire false,"Your repeated attempts to connect comm bears no response. It appears that the mercenary leader has placed you in her blacklist. The following automated message solidify this fact.
 
[/!\-System Message: Your comms channel have been blocked by Aselia Griffith. You can no longer request message or establish communication.-/!\]",,
nex_mercHireBlurbNightRavens,Nex_MercHireBlurb,$nex_mercCompanyId == bbplus_mercNightRavens,,"""Very well, we will begin the neccessary preparations. We are looking forward working with you, captain.""

She ends the pleasantries and cuts off the comm link immediately.

Not long after, the Night Ravens joins your $shipOrFleet on schedule. This prompts you to depart whenever you wish to.",,
,,,,,,
nex_mercLeaving_checkNightRavens,Nex_MercsLeavingGreeting,$nex_mercCompanyId == bbplus_mercNightRavens,"ShowPersonVisual 
FireBest Nex_MercLeavingOptions","""The duration of our contract ends in a satisfying manner. May we meet again someday in the foreseeable future.""
OR
""Greetings Captain $playerName, this concludes the entirety of our contract.""

Her tone, as usual, is in deadpan and emotionless. She paused for a second while looking straight at you.

""Though I must say, it was an interesting venture working with you. If you ever need our services, we will be delighted to work for you again.""",,
nex_mercLeaving_checkNightRavensDebt,Nex_MercsLeavingGreeting,"$player.inDebt score:5
$nex_mercCompanyId == bbplus_mercNightRavens","ShowPersonVisual 
FireBest Nex_MercLeavingOptions","Your comm-link has been contacted by the leader of Night Ravens. The displeased face of their leader appears in your screen.

""Captain, it seems that we've reached a disappointing situation. Your inability to adequately pay us will result to immediate termination of services that we provide. It is unlikely that we will continue to stay.""

She squints her eyes showing more of her ever growing discontent.

""We would like to honor our contract and with that being said, we will take our leave.""

The comm-link is cut abruptly before you have a chance to respond.",,
nex_mercLeaving_letGoBlurbJerkNightRavens,Nex_MercLetGoBlurb,"$nex_mercLetGoType == jerk score:5
$nex_mercCompanyId == bbplus_mercNightRavens",AdjustRepActivePerson INHOSPITABLE -15,"Your sudden and unexpected claim made her flustered; shattering her inexpressive demeanor. Her emotionless visage changes into scowl, you can see clearly that she's glaring at you across the comm screen.

""Pray that nobody puts you into the bounty list in the future, because I swear, I will personally make you stop breathing and end your worthless life.""",,
nex_mercLeaving_letGoBlurbRefusePayNightRavens,Nex_MercLetGoBlurb,"$nex_mercLetGoType == refusePay score:5
$nex_mercCompanyId == bbplus_mercNightRavens",AdjustRepActivePerson INHOSPITABLE -5,"Aselia's emotionless visage is slowly turning into scowl. Her rage is becoming more apparent as the moment passes.

""I shall remember this $playerName, you disgraceful worm. Someday, I will put you in your place!""",,
#END Nex Blurb,,,,,,
#AdjustRepActivePerson COOPERATIVE 3,,,,,,
