name,id,tags,tech/manufacturer,rarity,base price,stack size,cargo space,baseRaidDanger,icon,sound id,sound id drop,plugin,plugin params,desc,order
#Non-obtainable colony items,,,,,,,,,,,,,,,
#For world building only,,,,,,,,,,,,,,,
Discharge Aborber Furnace,bbplus_discharge_absorber,no_drop,Sigma Tech,0,350000,1000,1,EXTREME,graphics/icons/cargo/bbplus_discharge_absorber_furnace.png,bbplus_cargo_special_pickup_sigmatech_03,bbplus_cargo_special_drop_sigmatech_03,com.fs.starfarer.api.campaign.impl.items.GenericSpecialItemPlugin,bbplus_deserter_hq,"A massive tube-like furnace that relentlessly siphons hazardous Sigma-discharges and exotic strangelets. After absorbing, the furnace compresses these materials at (ns)speed until it reach certain density. Once it enters stabilization, the hyper-compressed tangents will be slowly converted into Anti-matter fuel.",600
Bio Printer Processor,bbplus_bio_printer,no_drop,Sigma Tech,0,300000,1000,1,EXTREME,graphics/icons/cargo/bbplus_bio_printer_processor.png,bbplus_cargo_special_pickup_sigmatech_02,bbplus_cargo_special_drop_sigmatech_02,com.fs.starfarer.api.campaign.impl.items.GenericSpecialItemPlugin,bbplus_food_processor,"An exotic technological marvel that has a unique capability to 'print' bio materials, in which can be used for multitudes of purpose. The existence of this construct would incur the wrath of the Luddites if known and will consider it high heresy as it operates in a way that is unfathomable and morally unethical to their perceived notion.",601
#Obtainables,,,,,,,,,,,,,,,
Deuterion Isometer,bbplus_deuterion_isometer,"hist3t, pather4",Sigma Tech,,200000,1000,1,EXTREME,graphics/icons/cargo/bbplus_deuterion_isometer.png,bbplus_cargo_special_pickup_sigmatech_01,bbplus_cargo_special_drop_sigmatech_01,com.fs.starfarer.api.campaign.impl.items.GenericSpecialItemPlugin,bbplus_deserter_outpost,"An eccentric Sigma Tech construct that is capable of ultra-fast calculations similar to a quantum computer and provides a well regulated energy to warships. Its primary characteristics are too above and unique that it could not be explained by conventional physics, even skilled engineers cannot decipher the contents and the principle behind it; leaving them unable to replicate or mass produce this construct.",602
Synergist Cluster Point,bbplus_synergy_cluster,no_drop,Sigma Tech,0,250000,1000,1,EXTREME,graphics/icons/cargo/bbplus_synergist_cluster_point.png,ui_cargo_special_industrial_pickup,ui_cargo_special_military_drop,com.fs.starfarer.api.campaign.impl.items.GenericSpecialItemPlugin,planetaryshield,"An extremely unique catalytic item composed by three varying grades of hyper-compressed Sigma matters. Each differing types of Sigma matters were carefully tuned to work together in harmony, while being trapped within its special space matrix. This 'S-Harmonic Synchronization' produces unprecedented energy generation that can effortlessly empower a whole planet by itself.",603