trail,projectile,sprite,minLength,fadeIn,duration,fadeOut,sizeIn,sizeOut,colorIn,colorOut,opacity,textLength,textScroll,distance,dispersion,drift,fadeOnFadeOut,angleAdjustment,additive,velocityIn,velocityOut,randomVelocity,angle,rotationIn,rotationOut,randomRotation
bbplus_decimator_large_helix,bbplus_decimator_large_shot,projectile_trail_helix,10,0,0.07,0.135,20,60,"[225,125,155]","[175,65,55]",0.7,50,-200,5,0,1,FALSE,TRUE,TRUE,0,0,0,0,0,0,false
,,,,,,,,,,,,,,,,,,,,,,,,,,
bbplus_deerstalker_trail,bbplus_deerstalker_shot,projectile_trail_cel,10,0,0.2,1,18,12,"[125,175,255]","[70,80,100]",0.8,320,-200,10,0,1,TRUE,TRUE,TRUE,0,0,0,0,0,0,false
bbplus_deerstalker_core,bbplus_deerstalker_shot,projectile_trail_standard,10,0,0.1,0.2,9,6,"[150,200,255]","[70,80,100]",1,320,-200,10,0,1,TRUE,TRUE,TRUE,0,0,0,0,0,0,false
bbplus_deerstalker_glow,bbplus_deerstalker_shot,projectile_trail_smooth,10,0,1,0.6,48,16,"[50,100,175]","[35,40,50]",0.4,320,-200,45,0,1,FALSE,TRUE,TRUE,5,15,0.1,0,25,75,true
,,,,,,,,,,,,,,,,,,,,,,,,,,
bbplus_barragemortar_trail,bbplus_barragemortar_shot,projectile_trail_standard,10,0,0.06,1,24,16,"[75,60,60]","[55,55,55]",0.8,400,-400,5,0,0,TRUE,TRUE,TRUE,10,30,0.2,0,25,100,true
bbplus_barragemortar_core,bbplus_barragemortar_shot,projectile_trail_cel,10,0,0.1,0.06,12,9,"[255,90,75]","[155,60,45]",1,400,-400,10,0,1,TRUE,TRUE,TRUE,0,0,0,0,0,0,false
,,,,,,,,,,,,,,,,,,,,,,,,,,
bbplus_cleaverheavy_trail,bbplus_cleaverheavy_shot,projectile_trail_standard,10,0,0.14,0.45,8,6,"[228,206,99]","[156,149,50]",0.7,400,200,10,0,1,FALSE,TRUE,TRUE,10,30,0.2,0,0,100,true
bbplus_cleaverheavy_ring,bbplus_cleaverheavy_shot,projectile_trail_ring,10,0,0.08,0.2,15,20,"[217,209,103]","[156,154,75]",0.85,40,400,15,0,1,FALSE,TRUE,TRUE,0,0,0,0,0,0,false
,,,,,,,,,,,,,,,,,,,,,,,,,,
bbplus_cleavermedium_trail,bbplus_cleavermedium_shot,projectile_trail_standard,10,0,0.12,0.40,7,5.4,"[228,206,99]","[156,149,50]",0.7,400,200,10,0,1,FALSE,TRUE,TRUE,10,30,0.2,0,0,100,true
bbplus_cleavermedium_ring,bbplus_cleavermedium_shot,projectile_trail_ring,10,0,0.06,0.2,8,10,"[217,209,103]","[156,154,75]",0.85,24,400,15,0,1,FALSE,TRUE,TRUE,0,0,0,0,0,0,false
,,,,,,,,,,,,,,,,,,,,,,,,,,
bbplus_cleaverlight_trail,bbplus_cleaverlight_shot,projectile_trail_standard,10,0,0.1,0.3,6,4.8,"[228,206,99]","[156,149,50]",0.7,400,200,10,0,1,FALSE,TRUE,TRUE,10,30,0.2,0,0,100,true
bbplus_cleaverlight_ring,bbplus_cleaverlight_shot,projectile_trail_ring,10,0,0.05,0.15,9,12,"[217,209,103]","[156,154,75]",0.85,24,400,15,0,1,FALSE,TRUE,TRUE,0,0,0,0,0,0,false
,,,,,,,,,,,,,,,,,,,,,,,,,,
bbplus_lamia_quad_blaster_fuzzy,bbplus_lamia_quad_blaster_shot,projectile_trail_fuzzy,10,0,0,0.18,30,20,"[50,255,160]","[105,85,155]",0.5,300,-300,30,0,1,TRUE,FALSE,TRUE,200,200,0,0,50,10,true
,,,,,,,,,,,,,,,,,,,,,,,,,,
bbplus_plasma_erupter_trail,bbplus_plasma_erupter_shot,projectile_trail_cel,10,0,0.1,0.12,10,6,"[200,125,255]","[45,15,125]",0.9,400,-400,5,0,1,TRUE,TRUE,TRUE,0,0,0,0,0,0,false
bbplus_plasma_erupter_glow,bbplus_plasma_erupter_shot,projectile_trail_smooth,10,0,0.06,0.24,24,36,"[75,25,255]","[25,15,155]",0.75,400,-400,20,0,1,FALSE,TRUE,TRUE,15,45,0.3,0,25,100,true
