{
	"bbplus_deserter_starkeep":{
		"defaultName":"Starkeep Sephira", # used if name=null in addCustomEntity()
		"defaultRadius":48, # used if radius<0 in addCustomEntity()
		"shortName":"starkeep",
		"customDescriptionId":"bbplus_starkeep_sephira",
		"interactionImage":"graphics/illustrations/bbplus_starkeep.png",
		"icon":"graphics/icons/bbplus_station_deserterbase.png",
		"iconWidth":20,
		"iconHeight":20,
		"sprite":"graphics/stations/bbplus_deserter_station.png",
		"spriteWidth":135,
		"spriteHeight":135,
		"renderShadow":true,
		"useLightColor":true,
		"showInCampaign":true,
		"showIconOnMap":true,
		"showNameOnMap":false,
		"scaleNameWithZoom":false,
		"tags":["station"],
		"layers":[STATIONS],
	},
	
	"bbplus_bladebreaker_siphon":{
		"defaultName":"Siphon Station",
		"defaultRadius":64,
		"shortName":"siphon station",
		"customDescriptionId":"bbplus_bladebreaker_siphon",
		"interactionImage":"graphics/illustrations/bbplus_abandoned_station.png",
		"icon":"graphics/icons/bbplus_station_breakersiphon.png",
		"iconWidth":20,
		"iconHeight":20,
		"sprite":"graphics/stations/bbplus_siphoning_station.png",
		"spriteWidth":130,
		"spriteHeight":210,
		"renderShadow":true,
		"useLightColor":true,
		"showInCampaign":true,
		"showIconOnMap":true,
		"showNameOnMap":false,
		"scaleNameWithZoom":false,
		"tags":["station"],
		"layers":[STATIONS],
	},	

}
