{
	#Combat Chatter's swag addition
    "chatter":{
        "flagshipToLogoMap":{
			"bbplus_asymptote":"graphics/intro/bbplus_boss_splash_intro.png",
            "bbplus_alter":"graphics/intro/bbplus_boss_splash_intro.png",
		},
		"flagshipToNameMap":{
			"bbplus_asymptote":"Lenze's Guillotine",
            "bbplus_alter":"Scourge of Martinique",
        },
        "flagshipToSoundMap":{
			"bbplus_asymptote":"bbplus_warning",
            "bbplus_alter":"bbplus_warning",
        },
	},
}