{
	"bbplus_sigma_planet":{
		"name":"Sigma Irradiated",
		"aOrAn":"a",
		"tilt":20, # left-right (>0 tilts to the left)
		"pitch":15, # towards-away from the viewer (>0 pitches towards)
		"rotation":4.5, # degrees/second
		"planetColor":[105,255,185,255],
		"atmosphereThickness":0.6, # as fraction of radius.  Set to 0 for no atmosphere
		"atmosphereThicknessMin":10, #  minimum thickness in pixels
		"atmosphereColor":[105,255,155,255],
		"texture":"graphics/planets/bbplus_sigma_planet.png",
		"icon":"graphics/warroom/bbplus_icon_sigma_irradiated.png",
		"iconColor":[105,255,155,255],
		"isStar":false,
		"lightPosition":[0,0,50], # in planet radii.  Not used for stars.  z > 0 is above the playing field.
		"cloudTexture":"graphics/planets/clouds_banded01.png", # omit for no cloud layer
		"cloudColor":[105,255,205,255],
		"cloudRotation":2, # degrees/second, optional
	},	
}