{
	#Weapon Sound Effects
	"bbplus_exocet_launch":
	[
		{"file":"sounds/weapon/bbplus_exocet_launch.ogg","pitch":0.95, "volume":0.45},
		{"file":"sounds/weapon/bbplus_exocet_launch.ogg","pitch":1.03, "volume":0.44},
		{"file":"sounds/weapon/bbplus_exocet_launch.ogg","pitch":1.06, "volume":0.43},
		{"file":"sounds/weapon/bbplus_exocet_launch.ogg","pitch":1.03, "volume":0.44},
		{"file":"sounds/weapon/bbplus_exocet_launch.ogg","pitch":1.06, "volume":0.43},
	],	
	
	"bbplus_exo_blast":[
        {"file":"sounds/weapon/bbplus_exocet_explosion.ogg","pitch":1.0, "volume":0.25},
	],	
	
	"bbplus_exo_blast_second":[
		{"file":"sounds/weapon/bbplus_exocet_explosion_scatter.ogg","pitch":1.0, "volume":0.38},
	],
	
	"bbplus_rail_cannon_fire":
	[
		{"file":"sounds/weapon/bbplus_rail_cannon.ogg","pitch":1.015, "volume":0.69},
		{"file":"sounds/weapon/bbplus_rail_cannon.ogg","pitch":1, "volume":0.7},
		{"file":"sounds/weapon/bbplus_rail_cannon.ogg","pitch":0.985, "volume":0.69},
	],

	"bbplus_medium_rail_cannon_fire":
	[
		{"file":"sounds/weapon/bbplus_rail_cannon.ogg","pitch":1.015, "volume":0.49},
		{"file":"sounds/weapon/bbplus_rail_cannon.ogg","pitch":1, "volume":0.6},
		{"file":"sounds/weapon/bbplus_rail_cannon.ogg","pitch":0.985, "volume":0.49},
	],	

	"bbplus_light_rail_cannon_fire":
	[
		{"file":"sounds/weapon/bbplus_rail_cannon.ogg","pitch":1.015, "volume":0.29},
		{"file":"sounds/weapon/bbplus_rail_cannon.ogg","pitch":1, "volume":0.4},
		{"file":"sounds/weapon/bbplus_rail_cannon.ogg","pitch":0.985, "volume":0.29},
	],	

	"bbplus_decimator_charge":
	[
		{"file":"sounds/weapon/bbplus_decimator_charge.ogg","pitch":1.03, "volume":0.59},
		{"file":"sounds/weapon/bbplus_decimator_charge.ogg","pitch":1, "volume":0.6},
		{"file":"sounds/weapon/bbplus_decimator_charge.ogg","pitch":0.97, "volume":0.59},
	],

	"bbplus_decimator_fire":
	[
		{"file":"sounds/weapon/bbplus_decimator_shot.ogg","pitch":1.015, "volume":0.79},
		{"file":"sounds/weapon/bbplus_decimator_shot.ogg","pitch":1, "volume":0.8},
		{"file":"sounds/weapon/bbplus_decimator_shot.ogg","pitch":0.985, "volume":0.79},
	],

	"bbplus_decimator_impact":
	[
		{"file":"sounds/weapon/bbplus_decimator_impact.ogg","pitch":1.015, "volume":0.74},
		{"file":"sounds/weapon/bbplus_decimator_impact.ogg","pitch":1, "volume":0.75},
		{"file":"sounds/weapon/bbplus_decimator_impact.ogg","pitch":0.985, "volume":0.74},
		{"file":"sounds/weapon/bbplus_decimator_impact.ogg","pitch":1, "volume":0.75},
		{"file":"sounds/weapon/bbplus_decimator_impact.ogg","pitch":0.985, "volume":0.74},
	],

	"bbplus_decimator_scatter":
	[
		{"file":"sounds/weapon/bbplus_decimator_scatter.ogg","pitch":1.015, "volume":0.14},
		{"file":"sounds/weapon/bbplus_decimator_scatter.ogg","pitch":1, "volume":0.15},
		{"file":"sounds/weapon/bbplus_decimator_scatter.ogg","pitch":0.985, "volume":0.14},
	],

	"bbplus_fractal_split":
	[
		{"file":"sounds/weapon/bbplus_fractal_split.ogg","pitch":1, "volume":0.5},
		{"file":"sounds/weapon/bbplus_fractal_split.ogg","pitch":1.03, "volume":0.49},
		{"file":"sounds/weapon/bbplus_fractal_split.ogg","pitch":1.06, "volume":0.48},
	],
	
	"bbplus_fractal_cemm_launch":
	[
		{"file":"sounds/weapon/bbplus_fractal_cemm_launch.ogg","pitch":1, "volume":0.35},
		{"file":"sounds/weapon/bbplus_fractal_cemm_launch.ogg","pitch":1.03, "volume":0.34},
		{"file":"sounds/weapon/bbplus_fractal_cemm_launch.ogg","pitch":1.06, "volume":0.33},
	],

	"bbplus_lamia_blast_fire":
	[
		{"file":"sounds/weapon/bbplus_lamia_blast_fire.ogg","pitch":1.015, "volume":0.59},
		{"file":"sounds/weapon/bbplus_lamia_blast_fire.ogg","pitch":1, "volume":0.6},
		{"file":"sounds/weapon/bbplus_lamia_blast_fire.ogg","pitch":0.985, "volume":0.59},
		{"file":"sounds/weapon/bbplus_lamia_blast_fire.ogg","pitch":1, "volume":0.6},
		{"file":"sounds/weapon/bbplus_lamia_blast_fire.ogg","pitch":0.985, "volume":0.59},
	],
	
	"bbplus_fangs_beam_blade":
	[
		{"file":"sounds/weapon/bbplus_fangs_beam_blade.ogg","pitch":1, "volume":0.11},
		{"file":"sounds/weapon/bbplus_fangs_beam_blade.ogg","pitch":1, "volume":0.12},
		{"file":"sounds/weapon/bbplus_fangs_beam_blade.ogg","pitch":0.95, "volume":0.11},
	],
	
	"bbplus_fangs_blade_intro":[ 
		{"file":"sounds/weapon/bbplus_fangs_blade_intro.ogg","pitch":1.05, "volume":0.21},
		{"file":"sounds/weapon/bbplus_fangs_blade_intro.ogg","pitch":1, "volume":0.20},
		{"file":"sounds/weapon/bbplus_fangs_blade_intro.ogg","pitch":0.95, "volume":0.23},
	],

	"bbplus_fangs_blade_loop":[ 
		{"file":"sounds/weapon/bbplus_fangs_blade_loop.ogg","pitch":1.03, "volume":.21},
		{"file":"sounds/weapon/bbplus_fangs_blade_loop.ogg","pitch":1, "volume":0.20},
		{"file":"sounds/weapon/bbplus_fangs_blade_loop.ogg","pitch":0.95, "volume":0.23},
	],	
	
	#Ship Systems
	"bbplus_conquerorjets":
	[
		#{"file":"sounds/shipsystem/bbplus_conquerorjets.ogg","pitch":0.985, "volume":0.99},
		{"file":"sounds/shipsystem/bbplus_conquerorjets.ogg","pitch":1, "volume":1.0},
		{"file":"sounds/shipsystem/bbplus_conquerorjets.ogg","pitch":1.015, "volume":0.99},
		{"file":"sounds/shipsystem/bbplus_conquerorjets.ogg","pitch":1.03, "volume":0.98},
	],

	"bbplus_burstjets":
	[
		{"file":"sounds/shipsystem/bbplus_burstjets.ogg","pitch":0.985, "volume":0.59},
		{"file":"sounds/shipsystem/bbplus_burstjets.ogg","pitch":1, "volume":0.6},
		{"file":"sounds/shipsystem/bbplus_burstjets.ogg","pitch":1.015, "volume":0.59},
	],

	"bbplus_sigmaflash":
	[
		{"file":"sounds/shipsystem/bbplus_sigmaflash.ogg","pitch":1, "volume":1.0},
		{"file":"sounds/shipsystem/bbplus_sigmaflash.ogg","pitch":1.015, "volume":0.99},
		{"file":"sounds/shipsystem/bbplus_sigmaflash.ogg","pitch":1.03, "volume":0.98},
	],

	"bbplus_sigmafocus":
	[
		{"file":"sounds/shipsystem/bbplus_sigmafocus.ogg","pitch":0.985, "volume":0.59},
		{"file":"sounds/shipsystem/bbplus_sigmafocus.ogg","pitch":1, "volume":0.6},
		{"file":"sounds/shipsystem/bbplus_sigmafocus.ogg","pitch":1.015, "volume":0.59},
	],
	
	"bbplus_sigmafieldactivate":
	[
		{"file":"sounds/shipsystem/bbplus_sigmafieldactivate.ogg","pitch":0.985, "volume":0.59},
		{"file":"sounds/shipsystem/bbplus_sigmafieldactivate.ogg","pitch":1, "volume":0.6},
		{"file":"sounds/shipsystem/bbplus_sigmafieldactivate.ogg","pitch":1.015, "volume":0.59},
	],
	
	"bbplus_sigmafieldloop":
	[
		{"file":"sounds/shipsystem/bbplus_sigmafieldloop.ogg","pitch":0.785, "volume":0.39},
		{"file":"sounds/shipsystem/bbplus_sigmafieldloop.ogg","pitch":1, "volume":0.4},
		{"file":"sounds/shipsystem/bbplus_sigmafieldloop.ogg","pitch":1.015, "volume":0.39},
	],	

	"bbplus_command_overwhelm":
	[
		{"file":"sounds/shipsystem/bbplus_overwhelm.ogg","pitch":0.985, "volume":0.69},
		{"file":"sounds/shipsystem/bbplus_overwhelm.ogg","pitch":1, "volume":0.7},
		{"file":"sounds/shipsystem/bbplus_overwhelm.ogg","pitch":1.015, "volume":0.69},
	],

	#Cargo Sound Effects
	#Generic Cargo for rules.csv
	"bbplus_cargo_commodity_ui":{"sounds":[
		{"file":"sounds/sfx_cargo/bbplus_cargo_commodity_added.ogg","pitch":1,"volume":0.3},
	],},

	"bbplus_cargo_special_ui":{"sounds":[
		{"file":"sounds/sfx_cargo/bbplus_cargo_special_item_added.ogg","pitch":1,"volume":0.3},
	],},
	
	#Deuterion Isometer
	"bbplus_cargo_special_drop_sigmatech_01":{"sounds":[
		{"file":"sounds/sfx_cargo/bbplus_cargo_special_drop_tech_01.ogg","pitch":1,"volume":0.3},
	],},
	"bbplus_cargo_special_pickup_sigmatech_01":{"sounds":[
		{"file":"sounds/sfx_cargo/bbplus_cargo_special_pickup_01.ogg","pitch":1,"volume":0.3},
	],},
	
	#Bioprinter Processor
	"bbplus_cargo_special_drop_sigmatech_02":{"sounds":[
		{"file":"sounds/sfx_cargo/bbplus_cargo_special_drop_tech_02.ogg","pitch":1,"volume":0.3},
	],},
	"bbplus_cargo_special_pickup_sigmatech_02":{"sounds":[
		{"file":"sounds/sfx_cargo/bbplus_cargo_special_pickup_02.ogg","pitch":1,"volume":0.3},
	],},
	
	#Discharge Absorber Furnace
	"bbplus_cargo_special_drop_sigmatech_03":{"sounds":[
		{"file":"sounds/sfx_cargo/bbplus_cargo_special_drop_tech_03.ogg","pitch":1,"volume":0.3},
	],},
	"bbplus_cargo_special_pickup_sigmatech_03":{"sounds":[
		{"file":"sounds/sfx_cargo/bbplus_cargo_special_pickup_03.ogg","pitch":1,"volume":0.3},
	],},

	#Special Data Card
	"bbplus_ui_drop_data_card":{"sounds":[
		{"file":"sounds/sfx_cargo/bbplus_cargo_special_drop_data_card.ogg","pitch":1,"volume":0.3},
	],},
	"bbplus_ui_pickup_data_card":{"sounds":[
		{"file":"sounds/sfx_cargo/bbplus_cargo_special_pickup_data_card.ogg","pitch":1,"volume":0.3},
	],},
	
	#Misc
	#Placeholder warning sound from Dariusburst since I really like that shmup.
	#I will change this once I got an appropriate OG sound
	"bbplus_warning":{
	"sounds":[
		{"file":"sounds/misc/bbplus_boss_warning.ogg","volume":0.9},
		],
	},
	
	#Sigma(GN) Drive, matching clear.
	"bbplus_sd_install":{
	"sounds":[
		{"file":"sounds/misc/bbplus_sigma_drive_install.ogg","pitch":1,"volume":0.6},
		],
	},
	
	#Access Panel sfx
	"bbplus_access_panel_sfx":{
	"sounds":[
		{"file":"sounds/misc/bbplus_access_panel_sfx.ogg", "pitch":1,"volume":0.5},
		],
	},	
	
	#Blade Breaker Deserter's encounter and market BGM. Given by a friend.
	"music":{
		"bbplus_bbd_market":[
			{"file":"bbplus_bbd_market.ogg","source":"sounds/music","volume":0.3},
		],
		
	#BBD's Hostile Market theme by HanaWub (www.hanawub.com)
	#Commisioned by techpriest - the ultra schizo haver
	#It's really great!
		"bbplus_bbd_market_hostile":[
			{"file":"bbplus_bbd_market_hostile.ogg","source":"sounds/music","volume":0.4},
		],
		
		"bbplus_bbd_encounter":[
			{"file":"bbplus_bbd_encounter.ogg","source":"sounds/music","volume":0.3},
		],
		
		#"bbplus_bbd_encounter_alt":[
		#	{"file":"bbplus_bbd_encounter_alt.ogg","source":"sounds/music","volume":0.4},
		#],
	},
		
}